id,domain,status,purchase_price,renewal_price,attractiveness,demand,length,registrar,created_at,expires_at,status_verified_at
d6979108-8176-48c9-bc87-be46a4311a4d,microphone.protection,available,1999.99,2049.99,high,low,10,namesilo,,,29/09/2026 08:27
584e76c1-0ec3-4236-8d4c-d451c4b71cef,newsstand.protection,available,1999.99,2049.99,medium,low,10,namesilo,,,17/09/2026 05:46
5a9673e6-b850-4ece-8a84-1b3e3fc2b899,hut.protection,available,1999.99,2049.99,high,low,3,namesilo,,,20/09/2026 07:59
299845ce-6b2e-4fd0-8d00-47ac7329d7e4,rattling.protection,available,1999.99,2049.99,high,low,8,namesilo,,,11/08/2026 04:30
20c8cb39-91d3-4735-95e7-f4696cab6304,zimbabwean.protection,available,1999.99,2049.99,high,low,10,namesilo,,,13/09/2026 15:19
150f49d2-6760-41ac-922c-62152671e77b,untracked.protection,available,1999.99,2049.99,medium,low,9,namesilo,,,08/09/2026 10:31
b26f7398-1100-4649-80ae-3b36aeb392dc,ferial.protection,available,1999.99,2049.99,medium,low,6,namesilo,,,18/08/2026 01:56
63c5e1b9-8440-4007-844d-dbccd90569d8,stealthy.protection,available,2070,2950,medium,low,8,namecheap,,,18/08/2026 19:00
dfda8959-6374-4908-a632-dd16688c9b3c,neu.protection,available,2064.2,2064.2,high,low,3,spaceship,,,30/09/2026 22:23
20124f60-959d-466e-964d-43bbff51996b,duke.protection,available,1999.99,2049.99,high,medium,4,namesilo,,,29/09/2026 17:06
8d250397-bf6b-4922-9007-91b273e291e3,heroism.protection,available,2000.2,2000.2,high,low,7,cloudflare,,,29/09/2026 18:59
070b243d-bb78-4ec6-a861-814fe7a4d5f2,trondheim.protection,available,2064.2,2064.2,high,low,9,spaceship,,,29/09/2026 13:33
7e3913a1-b328-4fd7-bdc1-255d3e709dc0,backseat.protection,available,1999.99,2049.99,high,low,8,namesilo,,,21/09/2026 15:49
79e1da5a-2525-46fa-8eb0-a6ac149050a6,mackenzie.protection,available,1999.99,2049.99,high,low,9,namesilo,,,25/09/2026 21:54
25a3d966-b9a2-4bce-87e8-f919faaa9eb8,memo.protection,available,2064.2,2064.2,high,low,4,spaceship,,,28/09/2026 02:24
c0c1ac9e-a6f8-4d19-ba71-bb6c5c4b8eae,funeral.protection,available,1999.99,2049.99,high,low,7,namesilo,,,25/09/2026 22:54
ddc3f0d2-3d4d-416b-a46a-1c89989907e8,motorola.protection,available,1999.99,2049.99,high,high,8,namesilo,,,28/09/2026 03:40
e7483d5b-49e6-4d13-87f8-ffe082e35a72,wrapped.protection,available,1999.99,2049.99,high,low,7,namesilo,,,
89acf259-eb9c-4566-a6f4-d1a92c4eff9b,davison.protection,available,1999.99,2049.99,high,low,7,namesilo,,,28/09/2026 04:10
e2153452-11bc-47bb-a738-19e2377e9e65,shs.protection,available,2064.2,2064.2,high,low,3,spaceship,,,30/09/2026 20:29
09239198-a67b-4c6c-b489-641e5f60e909,unfathomed.protection,available,1999.99,2049.99,medium,low,10,namesilo,,,12/09/2026 09:57
e8ce4885-28e5-43ca-9685-b20c17b1988d,holds.protection,available,2064.2,2064.2,medium,low,5,spaceship,,,28/09/2026 23:34
df01ce81-9aed-4d07-9d09-9ce18d5e7ae9,gallantly.protection,available,1999.99,2049.99,medium,low,9,namesilo,,,14/09/2026 06:45
c6d8841f-f714-442a-9220-455dc0ca62fe,relationships.protection,available,2070,2950,medium,low,13,namecheap,,,17/09/2026 20:15
00157fbd-1e36-45f0-b37d-299bc11f9de9,saturation.protection,available,2000.2,2000.2,high,low,10,cloudflare,,,30/09/2026 16:43
999c6376-30ba-4f92-8232-5212fef48d83,comparative.protection,available,2064.2,2064.2,high,low,11,spaceship,,,29/09/2026 20:48
fbef1578-b2db-4c32-9484-e6169d8b0548,mightily.protection,available,1999.99,2049.99,medium,low,8,namesilo,,,24/08/2026 22:45
42911385-f2fc-409a-9aff-374f5a0b01e1,farm.protection,available,2064.2,2064.2,high,low,4,spaceship,,,29/09/2026 18:58
78cb6302-cc04-4830-86e1-402d74981b28,sinai.protection,available,1999.99,2049.99,high,low,5,namesilo,,,25/09/2026 09:30
1e5402c4-66e5-4e72-b118-ec1a7e58870e,aplysia.protection,available,2070,2950,medium,low,7,namecheap,,,19/09/2026 17:53
ebe13f15-4611-4866-9043-035603f15e62,karlsruhe.protection,available,2060.25,2060.25,medium,low,9,porkbun,,,28/09/2026 12:19
ea89fd34-d110-4e06-804e-4fe85235671c,filetypes.protection,available,2070,2950,low,low,9,namecheap,,,20/09/2026 01:57
9e955515-7fb8-4e8a-bbf3-214be07d2631,predict.protection,available,1999.99,2049.99,high,medium,7,namesilo,,,21/09/2026 03:41
2816a496-2adf-4dd8-a21a-0061f79feac5,breastfeeding.protection,available,1999.99,2049.99,high,low,13,namesilo,,,17/09/2026 08:35
f26b6c28-8571-4746-ab86-eb123c6dc5ad,axonal.protection,available,1999.99,2049.99,medium,low,6,namesilo,,,08/08/2026 02:01
e1871886-6319-44b1-80e7-dd9fb42ea578,serenely.protection,available,1999.99,2049.99,medium,low,8,namesilo,,,16/09/2026 01:06
0061ced9-2de1-4d4d-8dbc-a28adab609aa,singh.protection,available,2064.2,2064.2,high,low,5,spaceship,,,29/09/2026 14:38
f39167ad-56bf-480e-9cc8-37f3821341f6,injured.protection,available,1999.99,2049.99,high,low,7,namesilo,,,22/08/2026 05:38
53c01eea-6393-4414-8fe5-3c114f37b58f,berlin.protection,available,2000.2,2000.2,high,medium,6,cloudflare,,,29/09/2026 02:06
d9d414ac-e1f5-48b8-8e28-7593fbe38097,symbolical.protection,available,1999.99,2049.99,medium,low,10,namesilo,,,16/08/2026 09:33
5f2e6721-f1c6-4f44-bdff-c8ad233dc6dd,resume.protection,available,1999.99,2049.99,high,low,6,namesilo,,,24/09/2026 04:16
5dd0197c-0890-408a-81f9-d643d8257059,anolis.protection,available,1999.99,2049.99,medium,low,6,namesilo,,,19/09/2026 11:23
94deb241-e96c-477f-9953-093998b1fa68,arboreous.protection,available,1999.99,2049.99,medium,low,9,namesilo,,,06/08/2026 12:59
859d4b62-52b2-4543-adf1-fb0e50484484,disturbed.protection,available,1999.99,2049.99,medium,low,9,namesilo,,,11/08/2026 01:48
d275b7df-c639-4fb9-ab6b-5c2e7e2ffe7e,leader.protection,available,1999.99,2049.99,high,low,6,namesilo,,,30/09/2026 02:28
c5b23cce-58a9-4e28-8dae-a4ac86e3203a,infinitely.protection,available,1999.99,2049.99,high,low,10,namesilo,,,14/09/2026 01:14
16457c1a-701e-4a62-b6d7-a7bebfec1bfa,extinct.protection,available,2070,2950,high,low,7,namecheap,,,17/08/2026 19:11
aa78a573-b835-482c-8652-0015fb3e0e78,toshiba.protection,available,2064.2,2064.2,high,high,7,spaceship,,,30/09/2026 04:27
d1d435c1-d065-4d12-bc53-ca18cff4cc0f,lucie.protection,available,2064.2,2064.2,medium,low,5,spaceship,,,28/09/2026 21:31
e0edecca-2cbc-41c4-8d50-ba8546098714,moon.protection,available,1999.99,2049.99,high,medium,4,namesilo,,,30/09/2026 03:35
ddfaf8ba-1dae-4a5a-a9cb-e5b3ee0787a5,kershaw.protection,available,2000.2,2000.2,medium,low,7,cloudflare,,,29/09/2026 22:25
f546031a-d609-41f3-8e4f-d2dbc55a77b3,commanding.protection,available,1999.99,2049.99,high,low,10,namesilo,,,23/09/2026 15:41
9e39650e-eae2-4a56-9a03-f116ac887519,mehmed.protection,available,2064.2,2064.2,medium,low,6,spaceship,,,30/09/2026 21:00
d39ef92b-2c6f-45c3-843d-0a4f72b2666d,ala.protection,available,2000.2,2000.2,high,low,3,cloudflare,,,28/09/2026 19:57
8284cc54-0d74-42a3-ae76-153d44e78ba9,ligament.protection,available,1999.99,2049.99,high,low,8,namesilo,,,30/09/2026 10:27
d7fd60ab-7d53-43dc-ad41-e2b698bb0c26,rochester.protection,available,2064.2,2064.2,high,low,9,spaceship,,,01/10/2026 03:35
965bcacd-fb85-4d55-b98a-5b6bf2b2294b,bighorn.protection,available,1999.99,2049.99,high,low,7,namesilo,,,23/09/2026 15:10
53a29406-fd54-4634-bbee-383762574f83,ellen.protection,available,1999.99,2049.99,high,low,5,namesilo,,,
599c828f-287a-4264-8e5c-97e6eb67159f,cattish.protection,available,1999.99,2049.99,medium,low,7,namesilo,,,10/08/2026 07:28
32ee4dd9-1076-4e45-9c1d-509194b7ffa1,speckless.protection,available,1999.99,2049.99,medium,low,9,namesilo,,,21/08/2026 20:42
e30caa6f-d715-443c-89ea-e4df6710cca4,mcmahon.protection,available,2070,2950,high,low,7,namecheap,,,25/09/2026 21:50
801dd30e-9a91-4c94-b5bb-bc76a44f5fc7,isaiah.protection,available,1999.99,2049.99,high,low,6,namesilo,,,24/09/2026 06:53
c558e525-cac6-46b4-a978-c226f0baa4d0,pervious.protection,available,2070,2950,medium,low,8,namecheap,,,08/09/2026 18:09
aba6d463-11f1-4f3b-ad74-73b951a190ac,tacky.protection,available,1999.99,2049.99,medium,low,5,namesilo,,,18/08/2026 06:41
17c0347c-27b0-4045-b807-b623c966e751,burrow.protection,available,2064.2,2064.2,high,low,6,spaceship,,,01/10/2026 01:13
e161c0c7-f4d1-4d2d-baf5-b825d70b9c0f,fathomable.protection,available,1999.99,2049.99,medium,low,10,namesilo,,,17/08/2026 23:40
b581cde7-e0b6-4fcf-9b04-ff166781b283,storrs.protection,available,2064.2,2064.2,medium,low,6,spaceship,,,30/09/2026 22:16
656f4fe0-16f8-4439-ae2d-a9ae01b37779,diagram.protection,available,1999.99,2049.99,high,low,7,namesilo,,,24/09/2026 22:08
bfbed314-aa54-498d-82d9-7585331b7f84,shun.protection,available,1999.99,2049.99,high,low,4,namesilo,,,24/09/2026 02:00
178da490-e985-4267-b76f-0607c8261db4,redundant.protection,available,1999.99,2049.99,medium,low,9,namesilo,,,17/08/2026 16:08
718dea5d-ab99-43aa-b9a9-8017c169b196,intensity.protection,available,1999.99,2049.99,high,low,9,namesilo,,,28/09/2026 09:23
29352b75-8873-4204-8ed7-5f7c174db049,link.protection,available,1999.99,2049.99,high,medium,4,namesilo,,,29/09/2026 10:12
a8a72ea2-7403-4498-ada6-8b622140a089,sensuous.protection,available,1999.99,2049.99,high,low,8,namesilo,,,10/09/2026 03:48
0467e9ae-8f25-4752-9d7b-0825222717ca,loyal.protection,available,1999.99,2049.99,high,low,5,namesilo,,,25/09/2026 15:30
e169eb85-14e5-41ea-ba69-ade1915b6992,shore.protection,available,1999.99,2049.99,high,low,5,namesilo,,,26/09/2026 00:07
1bbc2d68-926a-4f86-838c-9ea4980168ed,witt.protection,available,1999.99,2049.99,high,low,4,namesilo,,,28/09/2026 04:15
67237b33-0254-4f66-b691-72fb62d2a2c0,baxter.protection,available,1999.99,2049.99,high,low,6,namesilo,,,28/09/2026 03:39
0a54985c-486d-444e-baf6-6521b79f185a,hookup.protection,available,1999.99,2049.99,high,low,7,namesilo,,,
9273ab95-9db5-4181-b0ff-1793894c31b7,bones.protection,available,2064.2,2064.2,medium,low,5,spaceship,,,29/09/2026 03:19
6785b178-50a0-4fa9-a692-b432693fedce,showered.protection,available,1999.99,2049.99,medium,low,8,namesilo,,,20/09/2026 16:51
ca9458d2-3159-4234-bda1-b3ca402bd089,folly.protection,available,1999.99,2049.99,high,low,5,namesilo,,,23/09/2026 11:19
558bb2a0-6e76-43e5-b9f6-6c795a137021,mendicant.protection,available,2070,2950,medium,low,9,namecheap,,,24/08/2026 20:08
573d7e69-e518-4629-aef4-12d46ad86b57,blast.protection,available,1999.99,2049.99,high,medium,5,namesilo,,,16/09/2026 02:52
b62afd74-9690-4947-b9a6-c83000980446,diaphragm.protection,available,2060.25,2060.25,high,low,9,porkbun,,,30/09/2026 09:15
1ff3ea18-2b47-47c4-8091-024bc9520e7a,somewhat.protection,available,1999.99,2049.99,high,low,8,namesilo,,,25/09/2026 12:06
9b051d26-473b-4bdc-9ebb-052bb626d054,cyclosis.protection,available,1999.99,2049.99,medium,low,8,namesilo,,,10/09/2026 22:24
73208004-e70b-4472-a62e-7a9ab5769154,rudiments.protection,available,1999.99,2049.99,medium,low,9,namesilo,,,22/09/2026 10:41
a58d20c9-5d17-4481-bd81-8684253a3bd4,crossroads.protection,available,2070,2950,high,low,10,namecheap,,,29/09/2026 12:04
ef7a8abc-cc6d-4a23-8653-0cb40232cd9b,field.protection,available,2070,2950,high,medium,5,namecheap,,,27/09/2026 03:55
99ebb278-b943-4989-9f77-e08d1b6a0552,subjective.protection,available,1999.99,2049.99,high,low,10,namesilo,,,25/09/2026 07:50
122a8189-339a-4382-81d2-f028920c822f,loss.protection,available,2070,2950,high,low,4,namecheap,,,30/09/2026 03:21
0440c490-9ce4-4fc0-8de8-f95eceecfc2c,policemen.protection,available,2000.2,2000.2,medium,low,9,cloudflare,,,28/09/2026 18:03
f459ff98-b9a2-438b-a211-6d7424e9d9bb,jamesian.protection,available,1999.99,2049.99,medium,low,8,namesilo,,,22/08/2026 12:13
f08e61eb-a921-4ce2-be66-b03ee68d6f2f,robotic.protection,available,2064.2,2064.2,high,low,7,spaceship,,,29/09/2026 14:07
c115f900-ea3f-4fba-a640-0f3ebe588aef,offside.protection,available,1999.99,2049.99,medium,low,7,namesilo,,,04/09/2026 01:39
b41c80c9-bf8b-4897-a226-ea501480746e,abroad.protection,available,1999.99,2049.99,high,low,6,namesilo,,,21/09/2026 14:31
01cc2687-950b-4431-814f-89f280ba0af7,wickedness.protection,available,1999.99,2049.99,medium,low,10,namesilo,,,17/08/2026 15:06
fbe98fdd-57f8-4533-a527-85cca09ea412,few.protection,available,1999.99,2049.99,high,low,3,namesilo,,,24/09/2026 17:38
511a37f2-8676-4b33-9b8a-5e3768e08d7e,fragmental.protection,available,1999.99,2049.99,medium,low,10,namesilo,,,18/08/2026 14:01
e82e00c2-acc6-4f35-a202-46c0d64adbf8,isolation.protection,available,1999.99,2049.99,high,low,9,namesilo,,,24/09/2026 16:00
8d6db3aa-043b-4e52-9d82-82ce97a19ff3,executive.protection,available,1999.99,2049.99,high,low,9,namesilo,,,19/09/2026 08:02
e6c7a61d-acb0-4600-aa1d-003ac878ad10,clearer.protection,available,1999.99,2049.99,high,low,7,namesilo,,,30/09/2026 12:01
33c7630c-e5ac-460c-868e-a094acc0bd86,fragmented.protection,available,1999.99,2049.99,medium,low,10,namesilo,,,14/08/2026 13:27
ef27638d-3180-45ab-b260-78d738453350,ahl.protection,available,2000.2,2000.2,high,low,3,cloudflare,,,29/09/2026 10:25
961e9f43-45eb-4ba9-b85e-c8cdb7c6d295,fannie.protection,available,2064.2,2064.2,medium,low,6,spaceship,,,28/09/2026 12:06
2fb18869-729a-4632-b273-eedb024ef26c,ect.protection,available,2064.2,2064.2,high,low,3,spaceship,,,30/09/2026 09:31
01e3ccca-f923-4c77-98c3-e2d9e0a13578,betrayed.protection,available,1999.99,2049.99,medium,low,8,namesilo,,,26/09/2026 03:08
20050b6e-b33c-405d-80c4-e7ab281231d5,wily.protection,available,1999.99,2049.99,medium,low,4,namesilo,,,13/08/2026 04:38
195d046a-8874-4c20-b30d-718ed3442046,described.protection,available,1999.99,2049.99,high,low,9,namesilo,,,24/09/2026 06:37
dcb724ef-2ab7-4115-b2ba-fbf4c900a239,tellurium.protection,available,1999.99,2049.99,medium,low,9,namesilo,,,20/09/2026 23:13
d28fe717-14cc-4d55-b357-05e71b831b1f,orpine.protection,available,1999.99,2049.99,medium,low,6,namesilo,,,24/08/2026 07:58
5b2d9e92-acf3-443f-9fdb-69cf3368e2a3,betoken.protection,available,1999.99,2049.99,medium,low,7,namesilo,,,21/09/2026 03:31
774ac17f-76a5-4fcb-a0ea-6b173a20815b,seated.protection,available,2000.2,2000.2,high,low,6,cloudflare,,,27/09/2026 19:11
aa78e75a-e8b6-4250-8e2e-592252399379,copy.protection,available,2000.2,2000.2,high,low,4,cloudflare,,,29/09/2026 11:34
d6f704e0-de32-4fa3-a631-16d844d911e4,told.protection,available,1999.99,2049.99,medium,low,4,namesilo,,,
79d13ed6-fd4a-48c7-bae3-57a1f426967d,candy.protection,available,1999.99,2049.99,high,medium,5,namesilo,,,28/09/2026 14:55
91772ed7-7e81-496c-b756-6bd9edd7507c,watch.protection,available,2000.2,2000.2,high,medium,5,cloudflare,,,30/09/2026 03:19
99cab02f-d7f6-4dab-a64b-5b045f29e08d,injection.protection,available,2064.2,2064.2,high,low,9,spaceship,,,28/09/2026 06:02
50d28bd4-d663-4d89-96f3-039568b5246b,transmission.protection,available,1999.99,2049.99,high,low,12,namesilo,,,27/09/2026 08:37
58a344f1-3d2f-47c9-9044-faa2c7cc4ac0,produce.protection,available,1999.99,2049.99,high,low,7,namesilo,,,29/09/2026 20:43
44030825-7f0b-4792-8f4b-d3590be28e7f,horrific.protection,available,1999.99,2049.99,medium,low,8,namesilo,,,14/08/2026 08:59
787aeb43-8866-41da-bcab-6c05ca6f3c42,absinthe.protection,available,2070,2950,high,low,8,namecheap,,,16/09/2026 17:47
98e365d3-4ed8-4dce-a34b-34d25067a8cc,backchat.protection,available,1999.99,2049.99,medium,low,8,namesilo,,,21/09/2026 15:20
0f342fc6-9fa0-43da-80f9-a00d94b1dfc3,gabonese.protection,available,2070,2950,medium,low,8,namecheap,,,18/08/2026 19:24
b0c89abc-1d1b-42c6-bd3d-0c035b6ac1c6,zanzibar.protection,available,2140.22,2140.22,high,low,8,dynadot,,,30/09/2026 14:48
63dcc437-5336-469b-ac66-0e3d019c3b9b,melancholy.protection,available,2070,2950,high,low,10,namecheap,,,25/09/2026 19:05
52e200bc-d11a-460a-862d-ded699a35b91,blackfoot.protection,available,1999.99,2049.99,medium,low,9,namesilo,,,24/09/2026 02:17
9c26db92-3fd0-47da-b2ef-9b80db253c26,zoe.protection,available,2060.25,2060.25,high,low,3,porkbun,,,27/09/2026 18:59
20e75068-addb-4e31-8bd0-16d08ffc9967,sacred.protection,available,2070,2950,high,low,6,namecheap,,,24/09/2026 23:19
9daf0fee-70ee-42a3-a47c-9e8234839c1a,warming.protection,available,1999.99,2049.99,high,low,7,namesilo,,,11/08/2026 14:09
4f5ad72e-6274-46e6-97d1-f3ffb2c9f15b,plummy.protection,available,1999.99,2049.99,medium,low,6,namesilo,,,08/09/2026 21:51
aa903872-cb6a-4148-9c74-9a9c8e807643,stumps.protection,available,1999.99,2049.99,medium,low,6,namesilo,,,
6e7d2ccc-6412-4c45-9d29-df98babb6729,shelled.protection,available,1999.99,2049.99,high,medium,7,namesilo,,,10/09/2026 06:25
fa495b50-6567-4c72-a28c-1d9a476ecac5,mutagenic.protection,available,1999.99,2049.99,medium,low,9,namesilo,,,03/09/2026 11:37
9aa2a32d-2bcc-4ce5-903a-63d6fae891cb,analyser.protection,available,1999.99,2049.99,high,low,8,namesilo,,,19/09/2026 01:57
99bd981b-7a41-4a80-bc74-8dfe1f1c2dd0,bureaucratic.protection,available,2064.2,2064.2,medium,low,12,spaceship,,,30/09/2026 19:59
5acd69b0-29a2-49eb-a9ac-b8a0d40daf72,accoutered.protection,available,1999.99,2049.99,medium,low,10,namesilo,,,
34133a72-c473-4d5d-a109-62d6fd05995e,coated.protection,available,1999.99,2049.99,medium,low,6,namesilo,,,12/08/2026 14:14
5065a397-e453-4876-8133-7d6bc5324bd3,skipjack.protection,available,2070,2950,medium,low,8,namecheap,,,20/09/2026 21:35
7e251b20-c6d8-4f17-972f-b914e906c8d0,hick.protection,available,1999.99,2049.99,medium,low,4,namesilo,,,11/08/2026 09:44
6912e22b-91e5-4a82-b518-4bb52a05d20d,uncle.protection,available,1999.99,2049.99,high,low,5,namesilo,,,30/09/2026 14:13
1f9429f2-5150-423e-b7ef-3f5119a91a23,sacculate.protection,available,1999.99,2049.99,high,medium,9,namesilo,,,09/09/2026 20:37
9a5731e9-2f38-49a3-b190-717e0b682db4,drink.protection,available,1999.99,2049.99,high,low,5,namesilo,,,28/09/2026 06:05
1445a54c-c6d4-47f0-9200-3f9df39f6fb0,switch.protection,available,2064.2,2064.2,high,medium,6,spaceship,,,29/09/2026 17:58
38a5fcd5-8614-47da-8427-6f84000a0d6b,bast.protection,available,2999.99,3799.99,medium,low,4,name.com,,,22/09/2026 12:38
32d8a8e0-5fa3-42d1-ba31-56d1add0e133,psychic.protection,available,1999.99,2049.99,high,low,7,namesilo,,,27/09/2026 07:57
af5b99e0-61ef-42fd-9e81-5a1ca94c68b9,axiom.protection,available,1999.99,2049.99,high,medium,5,namesilo,,,28/09/2026 23:58
2670edcb-f439-4434-977b-be5a1098d129,trichrome.protection,available,2070,2950,medium,low,9,namecheap,,,11/09/2026 19:24
63520f73-0a28-4d47-ac97-71423fba4332,british.protection,available,1999.99,2049.99,high,low,7,namesilo,,,23/09/2026 09:38
d0e7af2b-6eef-4c36-b997-c41411f21479,moonlike.protection,available,1999.99,2049.99,medium,low,8,namesilo,,,25/08/2026 05:49
ac29c6b4-cefd-4ce4-a51c-2a8e6a2ef4a1,rubbing.protection,available,2064.2,2064.2,medium,low,7,spaceship,,,29/09/2026 02:04
e3332cc2-3e3e-4d93-8f92-7ef8d3bdb970,mccarthy.protection,available,1999.99,2049.99,high,low,8,namesilo,,,25/09/2026 08:04
390f9816-c778-43b9-9ec0-2f8e0f2c7036,casebook.protection,available,1999.99,2049.99,high,low,8,namesilo,,,08/09/2026 03:38
172502df-4174-4c4c-96e2-91ad04289edc,consumer.protection,available,2064.2,2064.2,high,low,8,spaceship,,,29/09/2026 11:19
6244f799-fdc4-4feb-940b-0b64992db90a,singing.protection,available,1999.99,2049.99,high,low,7,namesilo,,,11/08/2026 17:40
3048062f-cc43-4a54-82b1-ffe8d0ef86b8,disciples.protection,available,2064.2,2064.2,medium,low,9,spaceship,,,29/09/2026 16:57
51975a7a-762d-4e54-86f2-d443d466d35f,ultrasonic.protection,available,1999.99,2049.99,high,low,10,namesilo,,,11/09/2026 22:51
b1e42783-63bb-46ce-8d34-478cbcc3d6b8,flux.protection,available,1999.99,2049.99,high,medium,4,namesilo,,,30/09/2026 01:38
e09d67be-ddb1-4e32-b390-dea73c7bef24,apparent.protection,available,1999.99,2049.99,high,low,8,namesilo,,,06/08/2026 05:08
60430342-6654-41c8-9541-9fb1c27dd674,anointer.protection,available,1999.99,2049.99,medium,low,8,namesilo,,,19/09/2026 11:18
efded26a-98df-4938-b4c0-c424f2820116,facilities.protection,available,1999.99,2049.99,high,low,10,namesilo,,,30/09/2026 00:08
e9fa0ad1-2cb1-453f-961d-dfa8ba67c938,leona.protection,available,1999.99,2049.99,medium,low,5,namesilo,,,30/09/2026 05:02
6a093ae9-c455-4694-9ca2-77313698c43f,informs.protection,available,1999.99,2049.99,medium,low,7,namesilo,,,20/09/2026 13:37
bc5eeb19-881d-410b-9043-22ba107f3214,radiography.protection,available,1999.99,2049.99,high,low,11,namesilo,,,30/09/2026 23:27
6e898bcc-64a2-4b66-9058-e440ca3f565b,soccer.protection,available,2064.2,2064.2,high,low,6,spaceship,,,28/09/2026 22:49
18ccb2c9-8a67-4a35-89cf-b15f49efb842,blabby.protection,available,2070,2950,low,low,6,namecheap,,,09/08/2026 21:03
cb24fe14-6966-45fd-9edf-903dd57ca0ca,capsular.protection,available,1999.99,2049.99,medium,low,8,namesilo,,,08/09/2026 04:10
6b48dd2f-faf6-4c53-826a-7a711deaddae,synthetic.protection,available,1999.99,2049.99,high,low,9,namesilo,,,11/08/2026 23:35
b7d41cd2-fb66-4866-bfa0-60de503bd53d,grandmothers.protection,available,2070,2950,medium,low,12,namecheap,,,20/09/2026 18:06
2ec2a9d1-6f77-4a5e-814a-58a1264aaf57,acerola.protection,available,1999.99,2049.99,medium,low,7,namesilo,,,16/09/2026 23:42
4ef99746-31bf-499e-80c9-b7c05d42bd72,stock.protection,available,2070,2950,high,medium,5,namecheap,,,27/09/2026 03:18
03dde6f8-8cef-4ace-9027-a56fef34e9dc,egoistic.protection,available,2070,2950,medium,low,8,namecheap,,,15/08/2026 18:54
1b2efa57-ff44-4798-b594-8b3752160045,kearney.protection,available,2064.2,2064.2,high,low,7,spaceship,,,28/09/2026 04:09
c84e9732-ff39-410d-9090-6b8ac0d155b3,parentally.protection,available,2070,2950,medium,low,10,namecheap,,,15/09/2026 18:57
cf14597c-7e01-40f2-bc45-b554b02172c6,party.protection,available,1999.99,2049.99,high,medium,5,namesilo,,,19/09/2026 09:39
5f715f57-ffe4-4f37-946b-e6bbdc629a69,brescia.protection,available,1999.99,2049.99,medium,low,7,namesilo,,,29/09/2026 06:10
3335996b-1ae0-4b4d-90bc-bc0f32da2f62,themselves.protection,available,1999.99,2049.99,medium,low,10,namesilo,,,25/09/2026 16:52
9d538b06-7a9b-4875-8509-2549d433e81e,addled.protection,available,1999.99,2049.99,medium,low,6,namesilo,,,
0492847c-3b3d-481a-ba58-c3452c8d268f,colloidal.protection,available,1999.99,2049.99,medium,low,9,namesilo,,,12/08/2026 17:12
83923499-5766-4380-97c8-03063c057577,woes.protection,available,1999.99,2049.99,medium,low,4,namesilo,,,20/09/2026 07:52
6f34f25f-a6c2-4255-9780-7f1563941745,chthonic.protection,available,1999.99,2049.99,medium,low,8,namesilo,,,12/08/2026 07:28
31f09c98-7fea-4ac5-8712-a2da30f90a38,bema.protection,available,1999.99,2049.99,high,low,4,namesilo,,,23/09/2026 07:15
4a125aa5-e687-47ea-b188-fa8b14702a6d,unshadowed.protection,available,2070,2950,low,low,10,namecheap,,,12/09/2026 19:29
6300c348-6144-47f7-ae43-da3ce6a5956a,somerville.protection,available,2070,2950,medium,low,10,namecheap,,,27/09/2026 01:44
633d780e-64f2-4ca6-a119-b6a70727806c,rocco.protection,available,2070,2950,high,low,5,namecheap,,,29/09/2026 09:27
a0f36d99-2a46-4233-8d8b-76449413bcde,lavatory.protection,available,1999.99,2049.99,high,low,8,namesilo,,,09/09/2026 02:14
05f32937-3d6a-42ce-9a79-fc932719dc68,wharton.protection,available,2070,2950,high,low,7,namecheap,,,25/09/2026 22:32
213978e7-68ee-4daf-8746-51e0c7cd172c,djia.protection,available,1999.99,2049.99,medium,low,4,namesilo,,,
4180b030-40ee-4811-93ca-880476be6067,antbird.protection,available,1999.99,2049.99,medium,low,7,namesilo,,,19/09/2026 12:17
242434ba-6b8d-4d0b-b35c-79da8ebffb51,thc.protection,available,1999.99,2049.99,high,medium,3,namesilo,,,29/09/2026 08:13
0743eebd-56ef-4511-ada6-f9594365ee74,usda.protection,available,2070,2950,high,low,4,namecheap,,,17/09/2026 19:25
b4bd07f7-ab47-4991-abd9-86c9d707f135,redemption.protection,available,1999.99,2049.99,high,low,10,namesilo,,,29/09/2026 05:37
a72a3740-3652-486e-86eb-54c79e25575e,waukesha.protection,available,2140.22,2140.22,medium,low,8,dynadot,,,30/09/2026 14:02
7c7ba134-d340-45cf-bc4e-8eb866f6bebc,applied.protection,available,1999.99,2049.99,high,low,7,namesilo,,,06/08/2026 07:11
f7788323-b5f9-43b8-8e83-edee1ac9a38e,sinuate.protection,available,1999.99,2049.99,high,low,7,namesilo,,,10/09/2026 08:36
b15d0811-00a0-49e1-9e70-6c4805444a58,harris.protection,available,2070,2950,high,low,6,namecheap,,,23/09/2026 08:19
55fe03f1-61f4-4140-8d94-b4004c1630ec,alder.protection,available,2070,2950,high,low,5,namecheap,,,18/09/2026 04:26
5a10fc23-43ea-4a1e-a1eb-80ec14418b43,shoreline.protection,available,1999.99,2049.99,high,low,9,namesilo,,,30/09/2026 11:01
2c99eafe-deab-4926-929f-abeb5e8b01a1,arrayed.protection,available,1999.99,2049.99,medium,low,7,namesilo,,,06/08/2026 21:37
b3de32be-6a60-4bc0-b7e3-ac684ba64ac0,georgians.protection,available,2140.22,2140.22,medium,low,9,dynadot,,,01/10/2026 01:07
cb8b0c81-f230-45d1-94b3-d08fb8ceaa71,tally.protection,available,2060.25,2060.25,high,medium,5,porkbun,,,28/09/2026 18:48
d14a295c-2f68-4afe-a617-5375b20c8599,luigi.protection,available,1999.99,2049.99,high,low,5,namesilo,,,27/09/2026 07:36
b1323d9f-5301-4079-99f2-e607b25b4b61,disabling.protection,available,1999.99,2049.99,medium,low,9,namesilo,,,13/08/2026 07:09
50ec6ee4-40f1-4fbe-9d86-3a87ff44293f,designedly.protection,available,1999.99,2049.99,medium,low,10,namesilo,,,13/09/2026 17:33
380f9a4d-9412-47e5-9765-525f9b887530,snitcher.protection,available,1999.99,2049.99,medium,low,8,namesilo,,,19/09/2026 14:14
286a9403-d557-480b-8eec-2ad880ade8d3,hancock.protection,available,2070,2950,high,low,7,namecheap,,,25/09/2026 06:51
833c8670-b412-4894-b892-7469aa4d0678,formative.protection,available,1999.99,2049.99,high,low,9,namesilo,,,18/08/2026 12:07
5c976461-9448-403d-9638-18b4049a4e80,pedigree.protection,available,1999.99,2049.99,high,low,8,namesilo,,,08/09/2026 13:15
e79644b3-931f-4bce-a548-0228aa38b1dd,gumptious.protection,available,1999.99,2049.99,medium,low,9,namesilo,,,20/08/2026 20:57
95f2eebd-e81c-49ff-a349-062565374f2a,residuum.protection,available,1999.99,2049.99,medium,low,8,namesilo,,,09/09/2026 15:07
d538ee6b-232e-4718-af3e-436dee375b79,lutz.protection,available,1999.99,2049.99,medium,low,4,namesilo,,,28/09/2026 15:40
3277c5a9-d1d3-4d55-939b-053f8f6100f9,reasonable.protection,available,1999.99,2049.99,high,low,10,namesilo,,,24/09/2026 16:20
941b1499-7a5d-45af-af39-642eb12a6196,odorous.protection,available,1999.99,2049.99,medium,low,7,namesilo,,,04/09/2026 00:54
28d196e1-bfc5-4ec8-81c8-1a5849461d52,acardia.protection,available,2070,2950,medium,low,7,namecheap,,,16/09/2026 21:17
0e542a15-f8db-4059-a2b5-9fcec34953a1,syrian.protection,available,1999.99,2049.99,high,low,6,namesilo,,,11/09/2026 06:43
2aebae97-d390-4c9c-9888-8afd2cda177f,worship.protection,available,1999.99,2049.99,high,low,7,namesilo,,,17/09/2026 09:43
dfc9a42a-689a-4e38-8e19-ccd900fee686,aural.protection,available,2070,2950,high,low,5,namecheap,,,22/09/2026 12:49
cfe24829-8d23-4d34-935b-a2f850cfbb1b,envelope.protection,available,1999.99,2049.99,high,low,8,namesilo,,,25/09/2026 22:36
4de2cbe7-74fb-4acb-9248-6e6485348781,specialty.protection,available,1999.99,2049.99,high,low,9,namesilo,,,18/08/2026 12:30
f25f54cc-4caa-45cc-9f95-aa7799462687,look.protection,available,1999.99,2049.99,high,low,4,namesilo,,,24/09/2026 21:51
23fd2c93-49bc-4edb-992e-58d5e74189e7,chase.protection,available,1999.99,2049.99,high,high,5,namesilo,,,29/09/2026 08:18
bf12cb7c-3016-4781-899c-ac5e0b9d448e,shimmery.protection,available,1999.99,2049.99,high,medium,8,namesilo,,,10/09/2026 06:30
7c40e57b-a328-46e8-9d8b-4e276420fd5b,adient.protection,available,1999.99,2049.99,medium,low,6,namesilo,,,
e7418fa5-51ec-473a-b35e-db18c6af44ce,wong.protection,available,2999.99,3799.99,medium,low,4,name.com,,,26/09/2026 03:13
019cdc27-62ce-4e16-84fc-6645e1b571af,shambolic.protection,available,1999.99,2049.99,medium,low,9,namesilo,,,10/09/2026 05:51
1c1fb36f-17ea-4365-935c-ddb965660656,pcl.protection,available,2140.22,2140.22,high,low,3,dynadot,,,30/09/2026 21:08
000ff044-73c9-4a8f-b3ee-afeb3e425892,nominations.protection,available,2000.2,2000.2,medium,low,11,cloudflare,,,01/10/2026 00:32
c587b29f-17e8-46d3-a9b3-84ee58cbe46b,contention.protection,available,1999.99,2049.99,medium,low,10,namesilo,,,20/09/2026 04:48
f8398907-164a-4cc2-b98d-f2bcc29dfa99,scouser.protection,available,1999.99,2049.99,medium,low,7,namesilo,,,24/08/2026 08:11
c7adab19-d5ad-49f3-83b5-437609cbf8dc,inducive.protection,available,1999.99,2049.99,medium,low,8,namesilo,,,22/08/2026 03:31
e38c9477-57d7-430d-b93f-91f72122e2fe,concordant.protection,available,2070,2950,medium,low,10,namecheap,,,12/08/2026 20:16
831d00df-3473-4ff4-bb97-15decb8fb676,doom.protection,available,1999.99,2049.99,high,low,4,namesilo,,,24/09/2026 23:34
b7747367-1580-40dc-8096-8e2fd12c5967,offices.protection,available,1999.99,2049.99,medium,low,7,namesilo,,,18/09/2026 05:07
365b384a-98d7-4e96-8a93-615bfff3c6b0,stoppers.protection,available,1999.99,2049.99,medium,low,8,namesilo,,,20/09/2026 12:45
d37c66f7-4dfc-43be-96e9-3f3b21342e36,jorge.protection,available,1999.99,2049.99,high,low,5,namesilo,,,25/09/2026 13:21
d9b2fe19-3b5f-40ac-955f-69ef926a7750,writing.protection,available,2070,2950,high,low,7,namecheap,,,28/09/2026 23:21
376cc674-9c9b-4059-b35c-c0dd0e03febe,fever.protection,available,2070,2950,high,low,5,namecheap,,,29/09/2026 19:05
5ffdc44d-d589-47b8-bea0-7d136578c9b9,pastoral.protection,available,1999.99,2049.99,high,low,8,namesilo,,,06/08/2026 14:20
1b1c5648-43a4-43d2-85ce-bc1374d3fcb7,annona.protection,available,1999.99,2049.99,medium,low,6,namesilo,,,19/09/2026 10:30
35aa1c9f-e194-4bfb-8b3a-63de6a4a0c8a,zoophagous.protection,available,1999.99,2049.99,low,low,10,namesilo,,,18/08/2026 07:58
1bab5f6f-f06e-46c9-a870-f20a2187072b,eastman.protection,available,2000.2,2000.2,high,medium,7,cloudflare,,,30/09/2026 09:28
431976b4-a198-4e35-8976-2765d45eeb16,praetorial.protection,available,1999.99,2049.99,high,medium,10,namesilo,,,09/09/2026 00:59
9b32a466-1b27-420c-bc01-beae7f50489b,baked.protection,available,1999.99,2049.99,high,low,5,namesilo,,,
89cd7ba3-32c4-457a-8ff6-6e72ad479ebe,gwen.protection,available,2000.2,2000.2,high,low,4,cloudflare,,,27/09/2026 19:20
0c49560e-3e0d-4de5-93be-d7859cbea0ac,doob.protection,available,2070,2950,medium,low,4,namecheap,,,21/09/2026 18:37
66ea5549-07c2-478c-9438-877ff6d226c5,governing.protection,available,2070,2950,high,low,9,namecheap,,,20/08/2026 17:20
df016215-8804-4a45-b9ed-afe9079d5174,blacklist.protection,available,1999.99,2049.99,high,low,9,namesilo,,,24/09/2026 00:17
876d5f32-d9e3-4816-995a-26de0a7d7d12,poppy.protection,available,2070,2950,high,medium,5,namecheap,,,28/09/2026 15:04
0bba0609-dd7b-4f46-9820-d832628d9ba5,priscilla.protection,available,2070,2950,high,low,9,namecheap,,,28/09/2026 03:51
21f63e82-2870-4417-a249-3a350a6b6f5a,livid.protection,available,1999.99,2049.99,medium,low,5,namesilo,,,07/08/2026 02:24
f0aaeb57-e07c-49dd-858d-d16af0418ec2,conditions.protection,available,2064.2,2064.2,high,low,10,spaceship,,,28/09/2026 10:19
221eee19-eeb2-4d85-b77f-876c1bce6c9f,inimical.protection,available,1999.99,2049.99,medium,low,8,namesilo,,,22/08/2026 05:20
c81cf20e-5a07-4d57-bae3-40a6d753cf90,facade.protection,available,2140.22,2140.22,high,low,6,dynadot,,,30/09/2026 09:35
c8426277-46b2-4129-9536-2182950121ea,nettled.protection,available,1999.99,2049.99,medium,low,7,namesilo,,,
00b13579-1685-42cd-a26a-e56727f1dbcc,ungentle.protection,available,1999.99,2049.99,medium,low,8,namesilo,,,12/09/2026 11:11
c16c36ab-95e8-49a3-90f0-487cfd489731,bereaved.protection,available,1999.99,2049.99,medium,low,8,namesilo,,,09/08/2026 15:03
881e280f-2699-4287-9cc8-dd0e751030f8,bosomed.protection,available,2070,2950,medium,low,7,namecheap,,,10/08/2026 20:23
fb043820-d608-4527-88ff-d0646ba3ca3c,bender.protection,available,1999.99,2049.99,high,low,6,namesilo,,,23/09/2026 07:44
ded5060d-c956-478e-9e07-cdef8d1f1e99,argal.protection,available,1999.99,2049.99,medium,low,5,namesilo,,,20/09/2026 04:10
efa556a2-88c2-47ad-9b1d-27e32d9f67b1,structure.protection,available,2140.22,2140.22,high,low,9,dynadot,,,30/09/2026 21:12
7c581115-9da6-4ce5-bc34-07460265351a,ezra.protection,available,2140.22,2140.22,high,low,4,dynadot,,,28/09/2026 18:27
cdd2cd41-d20b-45c7-b705-cfe0c2921d91,frogs.protection,available,2064.2,2064.2,medium,low,5,spaceship,,,28/09/2026 18:14
e738647e-e877-48be-8295-4b07b620f3ae,echo.protection,available,2064.2,2064.2,high,medium,4,spaceship,,,29/09/2026 17:37
efaf16f6-37e8-495e-9cc8-875e68dcb0cd,rowing.protection,available,2064.2,2064.2,high,low,6,spaceship,,,29/09/2026 20:14
5c539b87-4caf-4142-aae4-bd4c8cc7a086,bettong.protection,available,2070,2950,medium,low,7,namecheap,,,23/09/2026 11:46
2135eea1-ff2c-4c53-a51e-74b328cb9e6e,recollection.protection,available,2064.2,2064.2,high,low,12,spaceship,,,30/09/2026 14:16
cc9f2dc8-9972-430e-bd87-5fdb3029e5f8,atole.protection,available,1999.99,2049.99,medium,low,5,namesilo,,,20/09/2026 21:52
465544de-7642-4612-b9fd-05f3547dd9e8,portfolio.protection,available,2070,2950,high,low,9,namecheap,,,28/09/2026 20:13
8191f48e-bb47-452c-9592-4d4874e84c85,uncoiled.protection,available,1999.99,2049.99,medium,low,8,namesilo,,,12/09/2026 05:44
38dcab7f-4426-4426-8a7a-ac821c5c27fc,programmes.protection,available,2070,2950,medium,low,10,namecheap,,,20/09/2026 10:20
5cb0214d-109c-4264-a60c-9113da55c8a5,nails.protection,available,1999.99,2049.99,high,low,5,namesilo,,,
901ebb90-5028-426d-a7b6-34cf5049d184,compare.protection,available,1999.99,2049.99,high,low,7,namesilo,,,24/09/2026 16:43
29dc4281-0796-4a09-869d-5cb0a0ffb0d4,niobium.protection,available,1999.99,2049.99,medium,low,7,namesilo,,,20/09/2026 23:04
62130be7-4159-4dc1-bd2d-63b0c0cda33d,ludlow.protection,available,2060.25,2060.25,medium,low,6,porkbun,,,27/09/2026 23:11
fe7134f0-6674-46ff-870a-eb7d2326efd1,gun.protection,available,1999.99,2049.99,high,low,3,namesilo,,,28/09/2026 17:19
a4916d06-5322-487b-b4a3-971b76d00e69,alhaytham.protection,available,1999.99,2049.99,medium,low,10,namesilo,,,18/09/2026 00:48
186ac3f3-1dcb-46c6-9a12-ed4eae4882fb,overseas.protection,available,1999.99,2049.99,high,medium,8,namesilo,,,21/09/2026 14:34
79c4c48d-22d5-4326-b6ac-fc74d68b2667,xcv.protection,available,2070,2950,medium,low,3,namecheap,,,
de5bbfbf-a084-46b5-b83a-41db462e6e3f,recommendation.protection,available,2950,,high,low,14,namecheap,,,
e3bc3354-6721-4735-9704-0a2295e75684,bargee.protection,available,2070,2950,medium,low,6,namecheap,,,22/09/2026 05:47
5e6756d2-fa90-4e31-a283-474c5c7239ca,funnel.protection,available,2000.2,2000.2,high,low,6,cloudflare,,,29/09/2026 12:26
dbd07645-cd2a-40d7-8c65-2654fc395e37,readably.protection,available,1999.99,2049.99,medium,low,8,namesilo,,,14/09/2026 11:08
fb7a37b8-e64e-47c1-ad81-d26a7a46d7c3,sampson.protection,available,1999.99,2049.99,medium,low,7,namesilo,,,27/09/2026 01:42
f327c5a0-976b-491f-a87a-115df9f2304c,ages.protection,available,1999.99,2049.99,medium,low,4,namesilo,,,
13d1a006-d843-4b31-a94b-021178e047d7,chanting.protection,available,2064.2,2064.2,high,low,8,spaceship,,,28/09/2026 18:40
3231ed04-7e1f-4505-96ca-2737168f78d1,bounteous.protection,available,2070,2950,high,low,9,namecheap,,,09/08/2026 20:50
4420e1c0-315a-4c42-812a-cde1d5b0460b,illegible.protection,available,2070,2950,medium,low,9,namecheap,,,21/08/2026 19:48
e138b256-8c16-4556-a058-4f639e8c5f32,newell.protection,available,2064.2,2064.2,high,low,6,spaceship,,,27/09/2026 18:17
bca58dfa-551f-42dd-8315-85d9bdbf9277,major.protection,available,1999.99,2049.99,high,low,5,namesilo,,,25/09/2026 16:14
c551e4bb-71cd-4664-a8b0-34b9934c884f,metres.protection,available,1999.99,2049.99,medium,low,6,namesilo,,,29/09/2026 23:41
68e663da-3aec-4875-a025-60c6f26786af,swansea.protection,available,2070,2950,medium,low,7,namecheap,,,28/09/2026 10:58
dbf54f53-b3da-442a-b9e3-4104f73a233f,biological.protection,available,2999.99,3799.99,high,low,10,name.com,,,22/09/2026 20:55
61f22cae-fbb7-49ad-8ea1-e53182fc342c,hacked.protection,available,1999.99,2049.99,high,low,6,namesilo,,,29/09/2026 17:39
f92903c1-ade1-44f0-b2a3-0a6c43ec4e02,scored.protection,available,2070,2950,medium,low,6,namecheap,,,27/09/2026 23:20
0f40098b-0950-4003-84d9-0d1b799a210c,pickett.protection,available,2064.2,2064.2,medium,low,7,spaceship,,,28/09/2026 14:18
41d4a82f-4054-47c9-be85-0a6e6cc6b01c,unbeaten.protection,available,1999.99,2049.99,high,low,8,namesilo,,,12/09/2026 01:45
ec0909ae-e21d-4552-9481-6dba944d5246,appellate.protection,available,1999.99,2049.99,medium,low,9,namesilo,,,06/08/2026 06:18
36461eec-129c-438b-a4c6-cdabae594c1d,engrossing.protection,available,1999.99,2049.99,high,low,10,namesilo,,,
c6cf22b0-402e-4e53-b130-24a863995c8f,thespian.protection,available,1999.99,2049.99,high,low,8,namesilo,,,11/09/2026 13:05
648d0215-fbde-4840-b4c9-a869b831e78c,dispatch.protection,available,1999.99,2049.99,high,low,8,namesilo,,,04/09/2026 00:56
5a52c19a-db45-4fb6-bfca-451e4346a836,spas.protection,available,2070,2950,medium,low,4,namecheap,,,18/09/2026 21:33
425088b1-eb97-4fc2-84d5-b88528dd757c,passively.protection,available,2070,2950,medium,low,9,namecheap,,,15/09/2026 19:09
791f742a-00a4-40d9-b97a-4be8cb088b28,labeled.protection,available,1999.99,2049.99,high,low,7,namesilo,,,22/08/2026 17:13
27d3f471-384d-4911-b297-d3b5262af5ce,ordinate.protection,available,1999.99,2049.99,high,low,8,namesilo,,,12/08/2026 22:29
3ab691c2-81e2-408a-b747-a7b4f3fb4260,transitions.protection,available,1999.99,2049.99,medium,low,11,namesilo,,,
c61cec6a-90ab-4ed8-b800-620f0f4d9ea8,structural.protection,available,1999.99,2049.99,high,low,10,namesilo,,,19/09/2026 17:09
56146444-d7e3-4515-bc89-f68fd7583dd6,nimbly.protection,available,2070,2950,medium,low,6,namecheap,,,13/09/2026 18:18
6f3b60ac-ba38-4a67-8e6f-3678add07dda,shrewd.protection,available,2070,2950,high,low,6,namecheap,,,22/09/2026 10:37
29ac8708-c661-4a89-8a0a-1b5054e19fbd,polemic.protection,available,1999.99,2049.99,medium,low,7,namesilo,,,08/09/2026 22:51
eec830f6-917a-4c73-b1c3-d4e2cd72d0de,lennon.protection,available,2070,2950,high,low,6,namecheap,,,27/09/2026 14:28
eb5e9315-5c46-4d68-9f32-467fdc7f9ead,quercus.protection,available,1999.99,2049.99,high,low,7,namesilo,,,28/09/2026 05:49
0bab4a4b-46d1-4971-84fe-436ec42a7f8d,ghostly.protection,available,1999.99,2049.99,medium,low,7,namesilo,,,06/08/2026 05:28
4af7d784-30d0-4706-9c9b-a255a3eb9386,sixth.protection,available,1999.99,2049.99,high,low,5,namesilo,,,
4ce10a85-7566-455f-8e61-2803191810bd,def.protection,available,1999.99,2049.99,high,low,3,namesilo,,,30/09/2026 11:47
fceff502-66d2-4ff3-924c-9fe46b6d466e,rivera.protection,available,1999.99,2049.99,high,low,6,namesilo,,,25/09/2026 04:54
530a97ef-1ec1-4dec-be3d-7217f219499f,aquatint.protection,available,1999.99,2049.99,medium,low,8,namesilo,,,19/09/2026 23:09
9a86dabc-f4eb-4787-90af-730f68318d61,rubidium.protection,available,1999.99,2049.99,medium,low,8,namesilo,,,20/09/2026 22:58
97777fe9-2f26-432e-b91e-b9066cedc232,dishy.protection,available,1999.99,2049.99,medium,low,5,namesilo,,,14/08/2026 11:03
a03aa15b-147f-445f-9d9e-49c06bd6f9b2,saad.protection,available,2064.2,2064.2,medium,low,4,spaceship,,,30/09/2026 20:18
9ce67e9d-b9ed-4515-8b1d-709a02105666,prox.protection,available,1999.99,2049.99,medium,low,4,namesilo,,,09/09/2026 04:42
fa59a468-f89b-4ad0-a1a5-598191d92693,bagley.protection,available,2064.2,2064.2,medium,low,6,spaceship,,,29/09/2026 22:22
5af4d662-e7b4-4a52-9ad4-d682f1b56a06,healey.protection,available,1999.99,2049.99,medium,low,6,namesilo,,,29/09/2026 04:32
597caa8e-6e99-4738-96b1-bf7c02a106a5,apply.protection,available,2000.2,2000.2,high,low,5,cloudflare,,,28/09/2026 06:21
e3ecf344-616d-4a98-a887-e0e29b3d0488,baobab.protection,available,1999.99,2049.99,medium,low,6,namesilo,,,17/09/2026 06:21
dbee7e0e-95a4-4655-8d1a-998c4708ac75,refine.protection,available,2000.2,2000.2,high,low,6,cloudflare,,,30/09/2026 19:53
c754013f-04b8-4cbf-89b6-f20412a54d58,experiences.protection,available,2000.2,2000.2,medium,low,11,cloudflare,,,28/09/2026 04:46
e8aa6ec3-714a-4864-bb07-f4a2203cbeda,computer.protection,available,1999.99,2049.99,high,medium,8,namesilo,,,28/09/2026 08:32
ba797ddf-5dc9-49e9-a2d6-6551d5e748d5,chargeable.protection,available,1999.99,2049.99,medium,low,10,namesilo,,,12/08/2026 02:27
34a62788-b6d4-4ae3-aeeb-c58d52b69176,deepening.protection,available,1999.99,2049.99,medium,low,9,namesilo,,,13/08/2026 23:00
13ce3149-0044-4452-9bf7-4bf85e64cbe7,charts.protection,available,2070,2950,high,low,6,namecheap,,,18/09/2026 23:12
9b503ce8-3685-40d1-9a0c-3a5d82007bd7,iberian.protection,available,1999.99,2049.99,high,low,7,namesilo,,,21/08/2026 17:32
988ab896-1d49-4899-84b4-cc5aa0d4a58c,comfy.protection,available,2070,2950,high,low,5,namecheap,,,23/09/2026 15:10
0cf0f3b8-2c63-4798-b109-a42d877f7516,sixty.protection,available,1999.99,2049.99,high,low,5,namesilo,,,
a881aec8-0d00-4029-bf83-69210cd3a579,appendix.protection,available,2070,2950,high,low,8,namecheap,,,19/09/2026 20:40
5c27f7e2-3794-417a-b2a3-0411902bb5ec,knowable.protection,available,1999.99,2049.99,medium,low,8,namesilo,,,12/08/2026 15:50
0d069bf7-2789-462f-84f3-c20e1014d32c,doses.protection,available,2070,2950,medium,low,5,namecheap,,,29/09/2026 17:50
335ca40c-b127-4f56-a3a1-d531e01782d9,ant.protection,available,2140.22,2140.22,high,medium,3,dynadot,,,28/09/2026 21:35
fb28db6e-6937-49f8-a296-3b970098f5c2,topological.protection,available,1999.99,2049.99,medium,low,11,namesilo,,,29/09/2026 23:29
37eb8c1e-5746-4294-a6f5-60e011e982c7,ounce.protection,available,2064.2,2064.2,high,low,5,spaceship,,,28/09/2026 21:44
48c6f5d2-5e24-43b0-aef9-30d4c5de8657,dempsey.protection,available,2064.2,2064.2,high,low,7,spaceship,,,28/09/2026 05:31
6e65a761-4596-4e40-94ca-9e019d578b71,danny.protection,available,2070,2950,medium,low,5,namecheap,,,25/09/2026 17:19
a2482565-be96-45c6-a9c9-c9112ae8ed42,reading.protection,available,2000.2,2000.2,high,low,7,cloudflare,,,30/09/2026 00:17
1069436c-636e-4115-8aad-91f873df30cc,bowfin.protection,available,2070,2950,medium,low,6,namecheap,,,18/09/2026 21:19
0fe11239-8cb1-4a97-bd07-7a5b156deefe,sunday.protection,available,2140.22,2140.22,high,low,6,dynadot,,,29/09/2026 02:45
0d31cd33-b8b4-495a-9222-d94d973b4bd7,emotion.protection,available,2064.2,2064.2,high,low,7,spaceship,,,29/09/2026 18:04
03f8a4a2-4e6e-4924-b66e-1b81fdb6653f,squarish.protection,available,1999.99,2049.99,medium,low,8,namesilo,,,10/09/2026 17:29
19ba4b5f-ba50-4c57-8cc9-5928d3e97f73,outta.protection,available,2064.2,2064.2,medium,low,5,spaceship,,,29/09/2026 20:53
0eda47a4-d39c-4290-8aa9-fbf0e95fe615,osmium.protection,available,1999.99,2049.99,medium,low,6,namesilo,,,20/09/2026 23:48
f2ea3d22-acfc-4549-aa58-805de78f46da,cologne.protection,available,1999.99,2049.99,high,low,7,namesilo,,,24/09/2026 16:20
3d7d080d-74fc-40ac-9d29-822bb34042a7,troth.protection,available,1999.99,2049.99,medium,low,5,namesilo,,,23/09/2026 11:35
243293b8-e27b-447a-8f7a-90eb49514a12,electricians.protection,available,2070,2950,medium,low,12,namecheap,,,20/09/2026 20:08
b6a86fc2-a1f7-462e-b6b5-d73b4161c181,unscalable.protection,available,1999.99,2049.99,medium,low,10,namesilo,,,12/09/2026 05:23
a7d3c995-98e5-4011-8b11-f7aa1b77cbda,reduced.protection,available,1999.99,2049.99,medium,low,7,namesilo,,,13/08/2026 22:10
6101d664-8aa4-4901-b808-c296480d1ac9,delaware.protection,available,1999.99,2049.99,high,low,8,namesilo,,,29/09/2026 06:32
ebfc5260-2768-4c94-bbc4-0b5f3b2fc097,family.protection,available,1999.99,2049.99,high,medium,6,namesilo,,,25/09/2026 12:40
ce259364-310b-412e-9235-89558f664d59,swingeing.protection,available,1999.99,2049.99,medium,low,9,namesilo,,,11/09/2026 05:48
404e1695-2574-4fae-b666-d05b65557980,shaftesbury.protection,available,1999.99,2049.99,high,low,11,namesilo,,,30/09/2026 05:22
b2a97361-8492-4db6-b4a5-d5bfc3838546,playing.protection,available,1999.99,2049.99,high,low,7,namesilo,,,28/09/2026 16:27
252d702f-1afb-4f80-a5ac-5db92b3e8b73,grace.protection,available,2070,2950,high,medium,5,namecheap,,,24/09/2026 21:11
6011e0b5-1480-4d8b-afe6-7fdeead18f77,unbacked.protection,available,1999.99,2049.99,high,medium,8,namesilo,,,10/09/2026 08:27
9d1b2ef1-8eee-4046-8e60-f76a196aa3e9,correctional.protection,available,1999.99,2049.99,medium,low,12,namesilo,,,29/09/2026 14:55
2323c94e-a068-446f-8909-6ffef8d28722,roberta.protection,available,1999.99,2049.99,high,low,7,namesilo,,,28/09/2026 03:52
85f43451-58a8-4514-8d53-f34e9f1754c1,aficionado.protection,available,1999.99,2049.99,high,low,10,namesilo,,,17/09/2026 15:01
e2a06020-c4c2-4da7-9073-0d0a901b0da0,bandy.protection,available,1999.99,2049.99,medium,low,5,namesilo,,,08/08/2026 11:45
53bce772-a99b-4b7b-84fb-49e0198f66e9,angolan.protection,available,1999.99,2049.99,high,low,7,namesilo,,,
68c7b139-1bef-43a1-88c7-87d02f620821,roadside.protection,available,2064.2,2064.2,high,low,8,spaceship,,,29/09/2026 13:53
b36ccd33-a853-4786-882f-8da2c89231c7,beadwork.protection,available,2070,2950,high,low,8,namecheap,,,22/09/2026 19:29
f9275f8a-35e7-4c41-8487-c9b10b20ffa6,zia.protection,available,2000.2,2000.2,high,low,3,cloudflare,,,30/09/2026 04:40
f0e71b05-2790-488c-a032-2d2d6ca53a5b,admiralty.protection,available,1999.99,2049.99,medium,low,9,namesilo,,,17/09/2026 08:53
87a549f9-fa24-4d64-85e3-5caf89edd4a9,existent.protection,available,2070,2950,medium,low,8,namecheap,,,
c14fb57e-1f61-4dae-ad2c-93d228de784d,stunning.protection,available,2070,2950,high,low,8,namecheap,,,22/09/2026 08:34
b9e2215a-3589-4680-80e6-51daf6d685d4,auklet.protection,available,1999.99,2049.99,medium,low,6,namesilo,,,21/09/2026 04:08
53ef4294-c9e2-4abd-b0e7-08da9f60362b,conyers.protection,available,2140.22,2140.22,medium,low,7,dynadot,,,30/09/2026 14:02
d62c4018-b475-43cf-91eb-7670720d489f,playlists.protection,available,1999.99,2049.99,medium,low,9,namesilo,,,21/09/2026 09:24
d26be92c-9070-4701-9c6b-d2628d354d7b,dome.protection,available,1999.99,2049.99,medium,low,4,namesilo,,,29/09/2026 00:15
d8d60f83-8fdd-4d22-85aa-ffe9ee0c2444,knavish.protection,available,1999.99,2049.99,medium,low,7,namesilo,,,13/08/2026 04:34
e7aa3cc7-f38e-48ba-bfa1-9b7842970230,concave.protection,available,1999.99,2049.99,high,low,7,namesilo,,,12/08/2026 19:50
d193a2f7-7edd-4110-857c-d87fce41d7e1,neglected.protection,available,1999.99,2049.99,medium,low,9,namesilo,,,21/08/2026 18:36
05b8c9b6-a101-483a-9836-3bc75043f4dc,makeovers.protection,available,1999.99,2049.99,medium,low,9,namesilo,,,21/09/2026 08:55
25c53027-e3ed-4155-9010-5b774ae042da,piffling.protection,available,1999.99,2049.99,low,low,8,namesilo,,,18/08/2026 03:35
97b86458-6e82-4b1a-8e8a-2207894107bc,apex.protection,available,1999.99,2049.99,high,medium,4,namesilo,,,19/09/2026 16:45
7935f67f-f488-49dc-9fcf-c97cc3375c41,ballot.protection,available,1999.99,2049.99,high,low,6,namesilo,,,21/09/2026 23:15
a022da81-2402-47b1-9a48-fceb44c3ee5f,youre.protection,available,1999.99,2049.99,medium,low,5,namesilo,,,
68398b48-a03b-4345-a895-3a448c0fd167,sentential.protection,available,1999.99,2049.99,medium,low,10,namesilo,,,10/09/2026 03:50
924611dd-2250-4915-a345-f76787c6e98f,cranes.protection,available,1999.99,2049.99,medium,low,6,namesilo,,,01/10/2026 00:39
cde281eb-b772-4848-a2fe-5490b10bc143,calves.protection,available,1999.99,2049.99,medium,low,6,namesilo,,,29/09/2026 23:18
536b6059-fdc0-42b8-b435-5649c57ae410,vermillion.protection,available,1999.99,2049.99,medium,low,10,namesilo,,,12/08/2026 05:47
44b01aef-0358-46da-b385-d849af9e51ba,treaties.protection,available,2064.2,2064.2,medium,low,8,spaceship,,,30/09/2026 15:10
09f65185-b4c2-458e-ac58-6a4031ea7b81,saddled.protection,available,1999.99,2049.99,high,medium,7,namesilo,,,09/09/2026 20:41
dacc95d5-0d78-4319-a04e-060fe6319179,garza.protection,available,2064.2,2064.2,medium,low,5,spaceship,,,28/09/2026 21:33
e393a6f4-8c06-455f-ba18-592464a90b63,outclassed.protection,available,2070,2950,medium,low,10,namecheap,,,04/09/2026 19:12
b1bfb956-317f-4855-a62a-6c02cef14441,nurse.protection,available,2064.2,2064.2,high,low,5,spaceship,,,29/09/2026 22:12
9de377a0-959a-487a-8ec0-7c729aabdd24,brilliant.protection,available,1999.99,2049.99,high,low,9,namesilo,,,23/09/2026 02:12
82f89de5-0953-4f31-a2b7-6e0c673096bc,underarm.protection,available,1999.99,2049.99,medium,low,8,namesilo,,,12/09/2026 07:21
343d277f-b036-446d-ba98-02c25ef38d1b,certify.protection,available,1999.99,2049.99,high,low,7,namesilo,,,24/08/2026 15:04
d4364977-8533-4e4a-ab12-50820da6fd0c,showcase.protection,available,1999.99,2049.99,high,low,8,namesilo,,,29/09/2026 16:09
2880a9ec-36e8-4bd2-a341-610cc7153cf8,premarital.protection,available,1999.99,2049.99,high,low,10,namesilo,,,22/09/2026 06:09
9c32e042-4a50-4dc7-bab4-68a9709dce34,vaccine.protection,available,2064.2,2064.2,high,low,7,spaceship,,,29/09/2026 02:28
545dee48-9211-4a04-9bba-2e5a6a539c10,crucial.protection,available,2070,2950,high,low,7,namecheap,,,22/09/2026 00:39
010ea5ef-786e-4bd2-ac1a-734d9b0e9db2,orangutan.protection,available,2070,2950,high,low,9,namecheap,,,30/09/2026 06:10
a03afbed-c821-4287-821d-d489d73ab88b,slithering.protection,available,1999.99,2049.99,medium,low,10,namesilo,,,10/09/2026 11:07
59af5db2-0c80-41f9-bbc6-362ad05ce2a4,shoved.protection,available,1999.99,2049.99,low,low,6,namesilo,,,01/10/2026 00:52
3cbfb154-b5a8-4496-b1ad-6d876dc0fbef,rus.protection,available,1999.99,2049.99,high,low,3,namesilo,,,28/09/2026 10:52
6554f044-a683-4fd3-9b52-e0c04f39d7b0,savage.protection,available,1999.99,2049.99,high,low,6,namesilo,,,08/08/2026 15:36
7ea43d89-c1f3-408b-9b48-b985cb5321f9,manassas.protection,available,2064.2,2064.2,medium,low,8,spaceship,,,29/09/2026 22:10
baa246bf-b512-41bd-9797-acb67b2b4d91,transmitting.protection,available,2064.2,2064.2,high,low,12,spaceship,,,29/09/2026 10:14
d4979ade-421f-4a8d-8d30-45071602859b,asmara.protection,available,1999.99,2049.99,medium,low,6,namesilo,,,20/09/2026 14:27
ee23a3c0-d9db-4bc1-b0c6-48740677e271,sparks.protection,available,1999.99,2049.99,high,low,6,namesilo,,,28/09/2026 12:19
2d9fb6e3-1f69-4210-b6a9-4c23bd401385,continuity.protection,available,1999.99,2049.99,high,low,10,namesilo,,,24/09/2026 17:42
d6a1c7ff-3c46-49dd-ba9a-17a9c950663f,acquaintance.protection,available,1999.99,2049.99,high,low,12,namesilo,,,28/09/2026 08:20
91a0ce33-b2a4-49e4-ba40-536c18fcb878,blankly.protection,available,1999.99,2049.99,medium,low,7,namesilo,,,14/09/2026 00:13
4cdc4a8d-51f6-4ca0-aee2-5c431d492f54,continuing.protection,available,1999.99,2049.99,high,low,10,namesilo,,,23/09/2026 22:17
e0b70783-2d4e-422e-a6b4-d8636cb16820,tasteful.protection,available,1999.99,2049.99,high,low,8,namesilo,,,11/09/2026 09:00
c58d6633-9f73-4d38-b571-64f55013ecfa,jaded.protection,available,1999.99,2049.99,medium,low,5,namesilo,,,22/08/2026 11:58
aac7dc06-b727-40b2-824d-25fd8d1d5f7b,yall.protection,available,1999.99,2049.99,medium,low,4,namesilo,,,
36e7c8d8-6dba-4ec7-ba0a-637b9db1702f,benchley.protection,available,2070,2950,high,low,8,namecheap,,,23/09/2026 07:39
45eb2567-d536-4836-9325-e3cc0c724304,maude.protection,available,1999.99,2049.99,medium,low,5,namesilo,,,28/09/2026 12:05
a57d86b4-8d0a-47c3-8e64-a3fee85c494f,earle.protection,available,1999.99,2049.99,medium,low,5,namesilo,,,26/09/2026 03:17
55820e6e-67cd-40af-b43e-013aadd56005,insular.protection,available,1999.99,2049.99,medium,low,7,namesilo,,,22/08/2026 07:38
0ece6397-d9d2-4596-95f9-3599d883437f,ruthless.protection,available,2070,2950,high,medium,8,namecheap,,,08/09/2026 20:06
f2044065-83c3-46da-a6de-b5f594ab7f97,dodds.protection,available,2140.22,2140.22,medium,low,5,dynadot,,,30/09/2026 05:40
9a53260e-a835-4bb4-9c11-308774121f7c,cuneiform.protection,available,1999.99,2049.99,medium,low,9,namesilo,,,13/08/2026 10:34
2f7c0a07-1e0c-4bd7-ba61-a7d27e092dae,buckshot.protection,available,2070,2950,high,low,8,namecheap,,,23/09/2026 20:24
f6028644-4061-4821-87a6-f5a5177481e2,procter.protection,available,2140.22,2140.22,high,low,7,dynadot,,,29/09/2026 04:27
13444dec-482e-4f77-87c4-f2c7b2eb9d2e,eliminating.protection,available,2064.2,2064.2,medium,low,11,spaceship,,,30/09/2026 14:26
6ddbe897-813a-4de8-91c0-f5732f5cda82,simplest.protection,available,2000.2,2000.2,medium,low,8,cloudflare,,,29/09/2026 22:50
139f2c7d-e4e1-4697-8f8d-addcd694a6a6,paducah.protection,available,2000.2,2000.2,high,low,7,cloudflare,,,30/09/2026 10:47
b264cb71-c420-4bf1-b10d-289efb2a51ae,food.protection,available,2519.99,3999.99,high,medium,4,godaddy,,,30/09/2026 01:26
8264f8b9-0ebc-46b6-951d-25279ba3509b,delusional.protection,available,1999.99,2049.99,medium,low,10,namesilo,,,14/08/2026 00:51
b488a638-2974-4bce-a094-7c6b08e838ee,darter.protection,available,1999.99,2049.99,medium,low,6,namesilo,,,19/09/2026 08:19
9fa1f831-1e46-4d74-9a3c-ea4f0a191ea9,ayah.protection,available,2070,2950,high,low,4,namecheap,,,21/09/2026 10:32
0db40568-f223-4554-83c3-85de44179f14,nikolai.protection,available,2140.22,2140.22,high,low,7,dynadot,,,27/09/2026 20:11
043f4fec-aec6-4495-a5bc-4a549d47f01c,incidents.protection,available,2070,2950,low,low,9,namecheap,,,29/09/2026 05:24
b18e1ab4-aee1-452d-b01f-37fc38b8df7d,mosses.protection,available,2064.2,2064.2,low,low,6,spaceship,,,29/09/2026 05:08
e9afa052-348c-479e-8017-6961bdfab9c8,iodized.protection,available,1999.99,2049.99,medium,low,7,namesilo,,,22/08/2026 09:18
a973d256-5ef9-4105-9d06-f7772ee3391f,mines.protection,available,1999.99,2049.99,low,low,5,namesilo,,,28/09/2026 13:08
656c0a30-76cf-4aef-8447-0cd348656a6d,kyushu.protection,available,2064.2,2064.2,medium,low,6,spaceship,,,29/09/2026 01:31
630c18f0-e271-4997-acf0-33e336c1b12d,far.protection,available,1999.99,2049.99,high,low,3,namesilo,,,24/09/2026 16:56
d9b7c9a2-fac3-4f53-a31a-46a061e7c061,untreated.protection,available,1999.99,2049.99,medium,low,9,namesilo,,,12/09/2026 21:44
1ced66a7-434b-433e-b162-dd75e2dd1799,klan.protection,available,1999.99,2049.99,medium,low,4,namesilo,,,30/09/2026 10:20
e07be491-03ca-4662-a1e6-45b713d1f270,cannon.protection,available,1999.99,2049.99,high,low,6,namesilo,,,24/09/2026 12:05
45e5eb41-8d6a-41e1-a103-13fac8a6e586,rightist.protection,available,1999.99,2049.99,medium,low,8,namesilo,,,09/09/2026 17:31
c4388b4f-5c18-4b82-8a5a-bdcabfe69287,accented.protection,available,1999.99,2049.99,medium,low,8,namesilo,,,
d3cdf48c-50d4-44eb-abc5-7e15dc417f4e,anastasia.protection,available,1999.99,2049.99,medium,low,9,namesilo,,,29/09/2026 03:46
f93e4f71-7a04-4b06-9941-a206fb743d5c,spitting.protection,available,1999.99,2049.99,medium,low,8,namesilo,,,29/09/2026 08:06
2aea959a-c1c2-49af-9662-03f60bbac4a5,gallic.protection,available,1999.99,2049.99,medium,low,6,namesilo,,,18/08/2026 15:02
e43c544b-67dd-4436-ab1a-7748732458db,dinner.protection,available,2070,2950,high,low,6,namecheap,,,29/09/2026 15:01
7ae96be7-12f8-4102-ae29-2f8f59a52e19,polled.protection,available,1999.99,2049.99,high,low,6,namesilo,,,20/09/2026 17:21
8057f251-de42-48b2-90fe-36e2c6f33689,euro.protection,available,2140.22,2140.22,high,low,4,dynadot,,,30/09/2026 17:14
6c1c0ddb-9004-4d25-8d7d-37ff5ced5f44,facts.protection,available,2064.2,2064.2,high,low,5,spaceship,,,30/09/2026 20:53
0c119e6a-ab0f-4f4c-938e-934895167ce9,plodder.protection,available,2070,2950,medium,low,7,namecheap,,,10/09/2026 20:23
2c758d2b-7914-446a-ab2c-348923321abd,knight.protection,available,2000.2,2000.2,high,medium,6,cloudflare,,,30/09/2026 01:42
e40ef635-e383-48c2-a8a2-a7e4dd554f68,aol.protection,available,2070,2950,high,high,3,namecheap,,,30/09/2026 23:06
91a9a832-3d1d-4811-abb1-45e9f96ac3ed,doha.protection,available,1999.99,2049.99,high,low,4,namesilo,,,23/09/2026 13:38
2b98066d-c57b-491a-91bc-4c85a75ae999,ammunition.protection,available,2070,2950,high,low,10,namecheap,,,18/09/2026 22:05
7323f2cd-73f7-4278-9b3b-1c55cd249887,righteous.protection,available,2000.2,2000.2,high,low,9,cloudflare,,,27/09/2026 15:12
ac865b0e-b8c5-4e57-bbbe-61021f5560ae,binge.protection,available,1999.99,2049.99,high,low,5,namesilo,,,23/09/2026 17:18
9c03e9c3-d610-42f7-a1ba-cb28d8731ffa,tumultuous.protection,available,1999.99,2049.99,medium,low,10,namesilo,,,14/08/2026 12:25
55c60bf1-9b08-4232-a772-bfb65c21d484,footwear.protection,available,2140.22,2140.22,high,low,8,dynadot,,,01/10/2026 03:31
5bbb4493-074e-4538-b6db-18622a7bb385,podium.protection,available,1999.99,2049.99,high,low,6,namesilo,,,18/09/2026 17:13
e7e6cdfa-14ac-4fe3-8866-8554ee9b778b,balk.protection,available,1999.99,2049.99,medium,low,4,namesilo,,,14/08/2026 04:55
4ffb907d-dbf3-4e4a-97b4-230aebfaf5fd,augur.protection,available,2070,2950,high,low,5,namecheap,,,21/09/2026 03:21
557b857a-ca61-43d4-87be-cbafe1e5a76a,wealthily.protection,available,1999.99,2049.99,medium,low,9,namesilo,,,16/09/2026 11:21
0b64d08c-5830-44b5-bb48-caef90bd2ca1,reliability.protection,available,1999.99,2049.99,high,low,11,namesilo,,,30/09/2026 20:40
beed1404-291c-4d5b-a383-a196f6ac85c8,continent.protection,available,1999.99,2049.99,high,low,9,namesilo,,,11/08/2026 23:26
fa1cff8b-9054-465c-ad43-1cdc33d808de,caring.protection,available,1999.99,2049.99,high,low,6,namesilo,,,23/09/2026 13:03
714da322-d6dc-499d-9e1e-568630dcc5cf,dual.protection,available,1999.99,2049.99,high,low,4,namesilo,,,14/08/2026 16:37
2648aced-7ab0-4548-97a2-59d3bea65f16,benson.protection,available,1999.99,2049.99,high,low,6,namesilo,,,25/09/2026 15:16
88743b97-a51a-458c-9450-7fd97a33665e,angelique.protection,available,1999.99,2049.99,high,low,9,namesilo,,,19/09/2026 05:58
988ba4d1-fd11-47ab-af3c-8701c2650c08,judaism.protection,available,2000.2,2000.2,high,low,7,cloudflare,,,01/10/2026 02:27
ab1ec48c-826e-4926-a6b7-caadd4b9295b,waite.protection,available,2064.2,2064.2,medium,low,5,spaceship,,,28/09/2026 19:55
ade57a18-a617-4ba8-9936-c61adfe857d0,shrinkable.protection,available,1999.99,2049.99,high,medium,10,namesilo,,,10/09/2026 06:57
7d8ca0cd-f01c-4576-acb4-432a4687b246,amarillo.protection,available,1999.99,2049.99,medium,low,8,namesilo,,,18/09/2026 15:59
393061d0-1a8a-4e5c-b80f-c7bdd8a2390b,blackjack.protection,available,2070,2950,high,low,9,namecheap,,,24/09/2026 00:44
84268e12-e2ae-4c65-9657-8fabdc56b053,bedpost.protection,available,1999.99,2049.99,high,low,7,namesilo,,,22/09/2026 23:29
a30262b4-c740-4b02-b065-2035200b3726,dalmatian.protection,available,2999.99,3799.99,high,low,9,name.com,,,13/08/2026 16:00
cf761d18-4fe5-4180-acfe-98116c5ea07b,address.protection,available,2064.2,2064.2,high,low,7,spaceship,,,28/09/2026 06:48
a7102455-c056-4e36-a280-fc9050285afc,contiguous.protection,available,1999.99,2049.99,medium,low,10,namesilo,,,12/08/2026 23:11
b0491cc4-d6d6-4fdc-b01e-19c46dd42f28,henpecked.protection,available,1999.99,2049.99,medium,low,9,namesilo,,,21/08/2026 06:42
f1ec849e-1ed8-435b-8790-b6604c207c08,relatives.protection,available,1999.99,2049.99,medium,low,9,namesilo,,,27/09/2026 10:25
7d97f763-b907-435e-aba9-67f60567e66b,officers.protection,available,2950,,medium,low,8,namecheap,,,
2eaa5287-eb1d-41ff-8aeb-97f88a93b22e,orbital.protection,available,1999.99,2049.99,high,low,7,namesilo,,,04/09/2026 17:35
c1046845-a70e-4906-a87f-baf9b3216c70,bastille.protection,available,1999.99,2049.99,high,low,8,namesilo,,,22/09/2026 12:48
beb6f545-de80-4b73-ab31-7817f9614dd4,input.protection,available,1999.99,2049.99,high,low,5,namesilo,,,19/09/2026 11:49
27ddfbe9-7103-451f-a4cd-a7b9c5a02024,oxford.protection,available,1999.99,2049.99,high,low,6,namesilo,,,30/09/2026 06:19
72627cbc-5bef-4224-be78-c56dec8d9f84,step.protection,available,1999.99,2049.99,high,low,4,namesilo,,,28/09/2026 17:14
f2ab3e7a-75c3-4184-bd54-a0d1ea92072c,apparently.protection,available,2070,2950,high,low,10,namecheap,,,08/09/2026 20:26
e4fad3f3-982b-40bf-8fa1-8be801e0fc18,local.protection,available,1999.99,2049.99,high,medium,5,namesilo,,,25/09/2026 14:09
bcee4595-71c6-478d-8dce-dedc9a2e9c73,marston.protection,available,1999.99,2049.99,medium,low,7,namesilo,,,28/09/2026 16:09
abcb1c09-8a47-4332-9085-5162935b8e9f,advertising.protection,available,2000.2,2000.2,high,low,11,cloudflare,,,01/10/2026 02:54
224b4eff-684c-442c-8bf8-d6eac2c4cf92,hadley.protection,available,2064.2,2064.2,medium,low,6,spaceship,,,27/09/2026 20:44
09ce766c-4f18-4f97-9367-ab8b3daffe05,hackensack.protection,available,2070,2950,medium,low,10,namecheap,,,30/09/2026 05:39
3b11af0b-a7e9-4d48-a0f2-71a499dcca94,anwar.protection,available,1999.99,2049.99,medium,low,5,namesilo,,,29/09/2026 09:45
34a0ea7f-5cfd-4124-b315-da92b23b724d,cult.protection,available,2070,2950,high,medium,4,namecheap,,,24/09/2026 19:17
dc026c54-94b0-4a5d-accd-a4240135b64a,bedside.protection,available,1999.99,2049.99,high,low,7,namesilo,,,22/09/2026 23:34
2cc46229-eadb-46a5-9f44-e8e72ef8d0bf,cowles.protection,available,2140.22,2140.22,medium,low,6,dynadot,,,30/09/2026 05:23
35bf90c6-0154-480f-928e-cb66a4d452d7,babysitter.protection,available,1999.99,2049.99,high,low,10,namesilo,,,21/09/2026 13:10
ccb84306-56bd-4a39-bf57-3a1ced097d49,reprints.protection,available,1999.99,2049.99,medium,low,8,namesilo,,,28/09/2026 09:09
2ab504a3-847e-4dd2-9691-577b27882a91,courtyards.protection,available,2060.25,2060.25,medium,low,10,porkbun,,,30/09/2026 16:18
1b919c3c-ea9f-4e09-a48d-02c25c0ce09d,production.protection,available,2070,2950,high,low,10,namecheap,,,19/09/2026 18:56
b8e893d4-521c-4162-a5c4-54263231c770,minoan.protection,available,1999.99,2049.99,medium,low,6,namesilo,,,24/08/2026 23:59
25c6cd1d-8d65-4281-b0ee-37ae5ac9a8ab,volitional.protection,available,1999.99,2049.99,medium,low,10,namesilo,,,13/09/2026 06:50
7c2aa32a-d3d1-4391-b030-3813e6ab7d5a,bessel.protection,available,1999.99,2049.99,medium,low,6,namesilo,,,23/09/2026 10:26
59250806-6806-461a-ae75-e7ee1918dd9f,revelations.protection,available,2064.2,2064.2,medium,low,11,spaceship,,,30/09/2026 15:02
684792b1-b21c-4d69-8b80-536d45191f0b,poolside.protection,available,1999.99,2049.99,high,low,8,namesilo,,,
4ec7ce50-4f5f-499d-a39f-0245e66ec10f,train.protection,available,2064.2,2064.2,high,low,5,spaceship,,,28/09/2026 19:31
82435e74-66ae-45b4-a74a-e4d31b03e84b,triumphant.protection,available,2070,2950,high,low,10,namecheap,,,17/08/2026 19:56
b10984e0-6f13-4608-88f0-5bdbb7857120,theodora.protection,available,2064.2,2064.2,high,low,8,spaceship,,,30/09/2026 04:52
c69de084-5c06-487b-b222-fe4e700f1cb4,prototypal.protection,available,1999.99,2049.99,medium,low,10,namesilo,,,06/08/2026 15:37
75d536f1-5530-446d-95a5-d424b0082fbb,wonder.protection,available,2000.2,2000.2,high,medium,6,cloudflare,,,29/09/2026 13:03
887cd852-7046-40c8-ab61-03be49bfe184,starlit.protection,available,2070,2950,medium,low,7,namecheap,,,10/09/2026 18:56
3726c743-2048-42d2-bf48-9d4fe5e65609,obscenity.protection,available,1999.99,2049.99,medium,low,9,namesilo,,,22/09/2026 16:47
4df56507-6e6c-46df-aadd-9686d0217b08,insist.protection,available,2064.2,2064.2,high,low,6,spaceship,,,30/09/2026 20:17
f01533aa-d99c-482e-89cc-ca3d03b40d07,dramatic.protection,available,2999.99,3799.99,high,low,8,name.com,,,24/09/2026 12:04
7bb6f97b-ae5c-44c7-a3dd-f1251da4d883,warehouse.protection,available,1999.99,2049.99,high,low,9,namesilo,,,27/09/2026 06:03
cab87a20-d67b-434e-949c-bcc985214692,thankless.protection,available,1999.99,2049.99,medium,low,9,namesilo,,,11/09/2026 12:28
a07877d8-af78-4f50-bf1c-28afb9f6b5e1,terrifies.protection,available,1999.99,2049.99,medium,low,9,namesilo,,,18/09/2026 07:37
f66f8776-3a02-4356-bf70-2b0bde5d0408,millenary.protection,available,1999.99,2049.99,medium,low,9,namesilo,,,24/08/2026 23:13
416f61e4-91f4-4659-80fd-fe673f67a1f0,venezuelan.protection,available,1999.99,2049.99,high,low,10,namesilo,,,13/09/2026 02:04
3497982c-2620-4eb5-a732-1b9a9ceba38d,guerrilla.protection,available,1999.99,2049.99,high,low,9,namesilo,,,22/08/2026 10:14
77f04928-b5dc-4abb-a6f4-3e33ffba1372,farley.protection,available,2070,2950,medium,low,6,namecheap,,,30/09/2026 13:41
ea25f1cc-5557-4989-b6ad-6755b135ebca,brunette.protection,available,1999.99,2049.99,high,low,8,namesilo,,,11/08/2026 06:56
ee076363-d1cc-41e0-9956-223af6212e32,calmness.protection,available,1999.99,2049.99,high,low,8,namesilo,,,11/08/2026 14:56
297fd542-ae71-4aef-a001-eed698bfc487,acherontic.protection,available,1999.99,2049.99,medium,low,10,namesilo,,,
71d3797d-5be7-483d-b462-797dcac2a9ba,wilkins.protection,available,1999.99,2049.99,medium,low,7,namesilo,,,25/09/2026 22:55
2f2bb7ee-a64e-4494-91a1-db2543ef452f,laudable.protection,available,1999.99,2049.99,medium,low,8,namesilo,,,06/08/2026 07:01
27d9752f-30ea-4b76-bf49-910a31cca098,branch.protection,available,2064.2,2064.2,high,low,6,spaceship,,,29/09/2026 03:57
84b1522a-ba0b-4291-a7cd-fcea0e90803c,untitled.protection,available,1999.99,2049.99,high,low,8,namesilo,,,12/09/2026 11:12
9e6cff44-997a-4182-bf7c-9c0504c3089e,montenegrin.protection,available,2000.2,2000.2,high,low,11,cloudflare,,,29/09/2026 21:21
9cbe25fa-ebc2-493b-a53e-a7fe767dc43e,escapade.protection,available,1999.99,2049.99,high,low,8,namesilo,,,17/09/2026 10:37
f50ce316-f5ec-4fda-930a-206b9a821cbd,corrected.protection,available,1999.99,2049.99,high,low,9,namesilo,,,23/09/2026 23:45
fea88289-e5ca-4a8b-b4a9-781d904d41cb,sword.protection,available,2070,2950,high,low,5,namecheap,,,25/09/2026 10:46
7a82cb67-5d82-4139-aa47-5ef2c0ed6f9b,gilligan.protection,available,2064.2,2064.2,medium,low,8,spaceship,,,30/09/2026 21:55
aa30e0ff-214d-44bc-9ded-b5af1a1f3e58,auden.protection,available,2070,2950,medium,low,5,namecheap,,,21/09/2026 02:48
5c2a214c-14e3-492f-a496-78f4ba74c41b,forceful.protection,available,1999.99,2049.99,high,low,8,namesilo,,,18/08/2026 11:13
c8a5b3a9-cdab-4d04-8451-984abef73811,purity.protection,available,2064.2,2064.2,high,low,6,spaceship,,,28/09/2026 15:09
19bca5a8-f78a-43ab-8d51-86b6ae741c70,details.protection,available,2064.2,2064.2,high,low,7,spaceship,,,29/09/2026 14:12
b05ddc8c-a80a-4c39-ba1f-369a13dcda7e,repel.protection,available,1999.99,2049.99,high,low,5,namesilo,,,29/09/2026 15:49
58dd1e4b-89d8-4e45-8fe3-761c37d948fc,grin.protection,available,2060.25,2060.25,high,low,4,porkbun,,,27/09/2026 23:08
8ca191eb-b417-426d-b83a-c70bdc12b407,agencies.protection,available,2064.2,2064.2,medium,low,8,spaceship,,,28/09/2026 23:07
10dc2628-0213-4352-8f7a-f429781c8ef8,tosh.protection,available,1999.99,2049.99,medium,low,4,namesilo,,,21/09/2026 23:54
d48af067-528b-46b3-ab41-d7668df98fa4,socialized.protection,available,1999.99,2049.99,medium,low,10,namesilo,,,10/09/2026 13:12
d0b9244c-e731-465a-bab4-17d02729c78d,quintette.protection,available,2070,2950,medium,low,9,namecheap,,,09/09/2026 09:00
4dcfa8a9-4035-4b01-b93b-f26324a2de2e,periodic.protection,available,1999.99,2049.99,medium,low,8,namesilo,,,08/09/2026 17:11
a0c19476-171b-41a0-afd6-2620497ab685,rarified.protection,available,1999.99,2049.99,medium,low,8,namesilo,,,17/08/2026 15:46
b8697d09-bb58-4528-8816-9854df9d3ace,adoration.protection,available,1999.99,2049.99,high,low,9,namesilo,,,17/09/2026 09:44
1c12db0e-f8ea-4120-8ea6-d6af528edd5b,luciano.protection,available,1999.99,2049.99,medium,low,7,namesilo,,,29/09/2026 05:56
37df212c-17b6-429f-8622-bf2a0f3b71da,fashion.protection,available,1999.99,2049.99,high,medium,7,namesilo,,,28/09/2026 16:44
246e45f3-8844-4466-95d7-dec41b45ebc8,abies.protection,available,1999.99,2049.99,high,low,5,namesilo,,,16/09/2026 15:38
fdd28c47-eb7e-4fd8-a50b-eccc49e5f4ec,swimming.protection,available,1999.99,2049.99,high,low,8,namesilo,,,03/09/2026 12:48
6b0cce29-2653-4fe0-b978-e9e9318ef2b6,dauntless.protection,available,1999.99,2049.99,high,low,9,namesilo,,,22/09/2026 12:12
11e70452-4c61-4cbf-b293-e431bdf61f24,plight.protection,available,2070,2950,high,low,6,namecheap,,,30/09/2026 02:35
fa0c9916-3a8d-4df1-a0e4-6ca6fea74454,encyclical.protection,available,1999.99,2049.99,medium,low,10,namesilo,,,17/08/2026 00:42
4cafd3a6-72fd-47f4-82cf-00ea06d8f398,hive.protection,available,2064.2,2064.2,high,medium,4,spaceship,,,30/09/2026 01:53
5a49a0fb-bd4d-447f-bc69-28acc387fd29,moustaches.protection,available,2070,2950,medium,low,10,namecheap,,,20/09/2026 09:53
25fa5e9b-e44f-4cb9-b5fb-2898f8d3ee6e,shifting.protection,available,2070,2950,high,low,8,namecheap,,,27/09/2026 21:05
cffaacb1-f470-4f52-8684-ecad35736869,forests.protection,available,2070,2950,medium,low,7,namecheap,,,18/09/2026 06:04
1ab37741-17c5-4536-a14e-7acf56137ac0,copular.protection,available,1999.99,2049.99,medium,low,7,namesilo,,,13/08/2026 00:38
07648b3b-825c-464c-b9cc-3fe08157d84d,domingo.protection,available,1999.99,2049.99,high,low,7,namesilo,,,25/09/2026 04:55
bee00f7b-a747-4cce-959f-5fef74958d23,esperanza.protection,available,2064.2,2064.2,high,low,9,spaceship,,,30/09/2026 23:47
edb9035f-c7c6-47f0-a36e-4ddc7bc90a61,strung.protection,available,1999.99,2049.99,medium,low,6,namesilo,,,10/09/2026 22:54
a57facf0-46af-479e-a892-2f5977a40ff3,sausage.protection,available,2064.2,2064.2,high,low,7,spaceship,,,30/09/2026 10:39
6bd5d0ed-a094-47da-b286-b65ce8c30ac6,disneyland.protection,available,1999.99,2049.99,high,low,10,namesilo,,,29/09/2026 16:04
6b60fb05-8561-4795-b8cf-d65710877c65,mediated.protection,available,2070,2950,medium,low,8,namecheap,,,24/08/2026 18:53
cc4099c0-72fd-4f68-a290-97c90b4430f7,factions.protection,available,2000.2,2000.2,medium,low,8,cloudflare,,,01/10/2026 00:34
5e422cec-41f1-49d1-9f1b-41f37c0af8f2,gift.protection,available,1999.99,2049.99,high,low,4,namesilo,,,24/09/2026 22:20
12809da1-e435-4404-be91-9afaab86d4ed,flossy.protection,available,1999.99,2049.99,medium,low,6,namesilo,,,14/08/2026 17:44
288516a9-dc7f-4bf6-b136-0c2c04bd7190,confronted.protection,available,2140.22,2140.22,low,low,10,dynadot,,,28/09/2026 23:23
43e95745-d6ef-41d3-8cfd-778a2b0841df,leaving.protection,available,1999.99,2049.99,high,low,7,namesilo,,,24/09/2026 22:37
eb6d0cdd-d68b-4ea9-bb92-b8f47d3929a6,infantile.protection,available,1999.99,2049.99,high,low,9,namesilo,,,12/08/2026 05:04
f7f927a9-7c2f-4db3-9fd7-6d63dcd036e1,enwrapped.protection,available,1999.99,2049.99,medium,low,9,namesilo,,,
2595bf00-d41f-45a4-8024-d4634453d139,raiders.protection,available,1999.99,2049.99,medium,low,7,namesilo,,,30/09/2026 16:18
4d0cd519-77e0-476c-b46c-8d045d4474c8,timbered.protection,available,1999.99,2049.99,medium,low,8,namesilo,,,11/09/2026 15:59
459ea3e4-e919-4eb5-a232-70b0dc895390,joined.protection,available,1999.99,2049.99,high,low,6,namesilo,,,25/09/2026 11:54
8a21df90-bd6b-4b81-b392-082759f9e190,suppose.protection,available,2064.2,2064.2,high,low,7,spaceship,,,29/09/2026 11:02
b9ba27ea-376a-412a-a328-172f9d6edad5,whoreson.protection,available,1999.99,2049.99,low,low,8,namesilo,,,08/08/2026 23:43
bf37ee56-57fc-4d2c-b89a-e8f7f60f2810,qin.protection,available,1999.99,2049.99,medium,low,3,namesilo,,,28/09/2026 13:41
2d01dc84-2306-49f3-b57e-2e89ed85c401,sweetheart.protection,available,1999.99,2049.99,high,low,10,namesilo,,,22/08/2026 16:44
c589d73f-ea4e-413b-987a-b254b2c1786f,difference.protection,available,2000.2,2000.2,high,low,10,cloudflare,,,29/09/2026 14:33
85133434-ad48-44c3-af15-9af58474d13b,backstretch.protection,available,2950,,high,low,12,namecheap,,,
5b9e0f2f-1317-4a64-8425-b570c79e1823,posing.protection,available,1999.99,2049.99,high,low,6,namesilo,,,10/09/2026 08:59
84cead32-407c-4c79-bf63-8a876005f474,isothermal.protection,available,1999.99,2049.99,medium,low,10,namesilo,,,22/08/2026 11:22
43a6e859-5122-4f80-95ae-5eea82ce9a33,submerged.protection,available,1999.99,2049.99,medium,low,9,namesilo,,,10/09/2026 23:30
9356c58b-35f8-4af5-a915-5f9aa4112c88,uncoupled.protection,available,1999.99,2049.99,medium,low,9,namesilo,,,12/09/2026 06:17
7eb95bda-da63-48c8-be40-f429bef2af60,lattices.protection,available,2064.2,2064.2,medium,low,8,spaceship,,,30/09/2026 07:03
10ed3923-6c09-4cd0-abd3-c42bf0337a79,compliment.protection,available,1999.99,2049.99,high,low,10,namesilo,,,24/09/2026 16:50
16b1f2c6-411e-4857-8524-d6494ae66177,breakfasts.protection,available,2070,2950,medium,low,10,namecheap,,,20/09/2026 13:21
730a09e2-ff99-4f1d-a5de-123aef68b3de,populate.protection,available,1999.99,2049.99,high,low,8,namesilo,,,24/08/2026 07:48
711972c2-71e4-447b-a36f-868c440eac58,maneuver.protection,available,2064.2,2064.2,high,low,8,spaceship,,,29/09/2026 18:49
f188fb49-6c99-4edd-86fd-f274d76dabf6,roughhewn.protection,available,2070,2950,high,medium,9,namecheap,,,09/09/2026 19:00
5f6820e9-81b3-4c3b-8158-1bb641989426,lindbergh.protection,available,2060.25,2060.25,medium,low,9,porkbun,,,29/09/2026 06:20
63b84b34-28db-44aa-ab0f-229a8e7bdd9e,chang.protection,available,2064.2,2064.2,high,medium,5,spaceship,,,28/09/2026 09:21
4e16d63c-7370-4709-abc9-6457aef1d869,puncture.protection,available,2064.2,2064.2,high,low,8,spaceship,,,29/09/2026 20:04
28a65edf-7cc9-4c2b-ba13-3b5e521d930b,manifold.protection,available,1999.99,2049.99,high,low,8,namesilo,,,24/08/2026 15:07
ba76716b-76db-4bbe-be95-a8785afc7758,crumb.protection,available,1999.99,2049.99,medium,low,5,namesilo,,,11/08/2026 09:20
119d6df4-3b60-4c7b-85b8-31c96de9ec4e,speculate.protection,available,1999.99,2049.99,high,low,9,namesilo,,,29/09/2026 11:01
ea7e142c-7257-4fdd-9131-8a0edf70ba79,wrinkle.protection,available,1999.99,2049.99,medium,low,7,namesilo,,,13/08/2026 07:11
b106f714-5fc7-4946-959b-07233cad44d9,sacrificed.protection,available,2064.2,2064.2,low,low,10,spaceship,,,28/09/2026 17:16
7f9a7637-2a12-4c2a-8f87-348a53edfbf3,descended.protection,available,2060.25,2060.25,medium,low,9,porkbun,,,29/09/2026 10:16
b2b87066-263b-4887-946a-4a6543fce6d4,bagger.protection,available,2070,2950,medium,low,6,namecheap,,,21/09/2026 18:02
222c80b3-68d2-42bd-aed4-c597ef0f4863,franck.protection,available,1999.99,2049.99,medium,low,6,namesilo,,,29/09/2026 00:24
05b570c2-3547-43e5-be10-a2973486f7b6,sobeit.protection,available,1999.99,2049.99,low,low,8,namesilo,,,16/09/2026 13:51
ee973626-3381-42b8-81d1-db8f73043323,pentatonic.protection,available,1999.99,2049.99,medium,low,10,namesilo,,,08/09/2026 15:05
08292ba9-2e8f-4c8e-b0ec-46085dba5518,aalto.protection,available,1999.99,2049.99,high,low,5,namesilo,,,16/09/2026 13:16
e9371c54-baec-4076-bf38-5eea4e075784,matrix.protection,available,2000.2,2000.2,high,medium,6,cloudflare,,,29/09/2026 21:35
28a8a57a-a6cf-4850-83df-b43569681fe8,deceitful.protection,available,2070,2950,medium,low,9,namecheap,,,13/08/2026 21:06
fb873fdb-bb40-4e29-b79d-299c0755ca1c,pad.protection,available,2060.25,2060.25,high,low,3,porkbun,,,29/09/2026 16:29
2a6ffb5e-f3dd-4f2c-a953-839ad84d7afd,droning.protection,available,1999.99,2049.99,medium,low,7,namesilo,,,25/08/2026 05:28
79507908-cab0-4b1e-be33-9b75af3070d0,presage.protection,available,1999.99,2049.99,medium,low,7,namesilo,,,09/09/2026 02:57
8bd9b10b-e752-46b0-81fb-b468141107fb,drought.protection,available,1999.99,2049.99,medium,low,7,namesilo,,,29/09/2026 12:05
03b5bda6-d611-4ab4-b846-d3688ac10e7d,meliorist.protection,available,1999.99,2049.99,high,medium,9,namesilo,,,09/09/2026 12:46
1ed48b4b-14cf-4f51-84dc-58ef152aa659,airlines.protection,available,2000.2,2000.2,medium,low,8,cloudflare,,,28/09/2026 17:53
52aa0797-8759-45e3-8ff7-40cd9ccda373,vaned.protection,available,1999.99,2049.99,medium,low,5,namesilo,,,13/09/2026 01:06
6811b4a3-53c7-4012-97aa-3738f8cb4447,ripened.protection,available,2070,2950,high,low,7,namecheap,,,09/09/2026 17:55
39fc39a1-eeef-4a92-9efa-a1ce705d8372,paige.protection,available,1999.99,2049.99,high,low,5,namesilo,,,27/09/2026 04:38
ec28f82a-c3f3-4ff5-a82b-814e6bbccc52,calmly.protection,available,1999.99,2049.99,high,low,6,namesilo,,,14/09/2026 05:04
6aca09a8-4aa1-4d51-88fe-dcc60bc6ffa6,autochthon.protection,available,1999.99,2049.99,medium,low,10,namesilo,,,21/09/2026 06:02
9089a9fb-5a48-409b-9191-9783452bff6a,bungalow.protection,available,2070,2950,high,low,8,namecheap,,,24/09/2026 11:15
07105250-615e-4e2d-9da9-3c32e63b782c,missing.protection,available,1999.99,2049.99,high,low,7,namesilo,,,25/09/2026 16:55
772acfed-0396-4f75-a307-0e01307fd0a7,starters.protection,available,2064.2,2064.2,medium,low,8,spaceship,,,29/09/2026 05:59
8bb2401a-524a-4d64-91b3-a88610b173d6,axially.protection,available,1999.99,2049.99,medium,low,7,namesilo,,,13/09/2026 22:57
85bae10f-d63f-4267-b0e7-ea6e750f8a17,american.protection,available,1999.99,2049.99,high,low,8,namesilo,,,22/09/2026 04:09
0a8fd86c-41e0-4eb1-a666-2d3dbfb8ca07,automation.protection,available,2064.2,2064.2,high,medium,10,spaceship,,,30/09/2026 07:35
9bd98c32-a647-4106-8143-9351ac5bea6e,rockford.protection,available,2000.2,2000.2,high,low,8,cloudflare,,,27/09/2026 15:41
62f268e8-6dab-4aa0-984b-18f90a38abeb,calhoun.protection,available,1999.99,2049.99,medium,low,7,namesilo,,,27/09/2026 03:19
0f70f837-0c04-460d-972b-b79fbdfa1ca0,reverent.protection,available,1999.99,2049.99,high,low,8,namesilo,,,20/08/2026 16:08
40b5bd73-c2b3-40a3-93dd-39183ae03fcb,gardens.protection,available,2064.2,2064.2,medium,low,7,spaceship,,,28/09/2026 13:13
183c3597-158c-4393-b6d4-9ed7ad8055f1,sumner.protection,available,2070,2950,high,low,6,namecheap,,,29/09/2026 08:10
2d87931e-25d3-4134-b122-7f92afdddb04,chestnut.protection,available,2999.99,3799.99,high,low,8,name.com,,,23/09/2026 14:04
7f4a4e5f-cc55-4123-8654-b2c38823d1b9,enthusiast.protection,available,1999.99,2049.99,high,low,10,namesilo,,,08/09/2026 02:16
8885c0fc-43ff-4eaf-865a-2e8c6fab7bca,mentor.protection,available,1999.99,2049.99,high,low,6,namesilo,,,30/09/2026 04:17
5d606ee8-e51d-43fd-a530-0a68d2a224ff,eden.protection,available,1999.99,2049.99,high,medium,4,namesilo,,,28/09/2026 13:57
43137e49-5193-4939-b243-2c5e771987a0,unfilmed.protection,available,1999.99,2049.99,medium,low,8,namesilo,,,12/09/2026 10:14
e5b302b8-7d8c-425e-9b6c-860ac2c521fd,flourish.protection,available,1999.99,2049.99,high,low,8,namesilo,,,30/09/2026 16:29
1c4be710-feea-411b-8200-bdf9ca42ad42,innsbruck.protection,available,1999.99,2049.99,medium,low,9,namesilo,,,29/09/2026 07:21
0a81dc70-dc66-4817-8ca4-478cc503849c,ignorant.protection,available,2070,2950,high,low,8,namecheap,,,21/08/2026 18:27
e59e6d60-f095-493f-9c3e-8007509c855f,atc.protection,available,1999.99,2049.99,high,low,3,namesilo,,,27/09/2026 07:00
a048d9eb-208c-4962-90e9-d890b46a340a,task.protection,available,2000.2,2000.2,high,low,4,cloudflare,,,30/09/2026 05:01
914e5401-ac3c-4037-8dfe-11a1b3cd767c,adversity.protection,available,2070,2950,high,low,9,namecheap,,,17/09/2026 10:54
265ebbe9-fbc9-4785-95f9-a5ad8ae71c71,heist.protection,available,1999.99,2049.99,medium,low,5,namesilo,,,20/09/2026 06:36
987ddc45-a94a-4b4e-8e6f-210d80da5c8d,mendocino.protection,available,2070,2950,medium,low,9,namecheap,,,29/09/2026 22:47
99338d58-525e-4f31-895c-375d8cb856ce,ample.protection,available,1999.99,2049.99,high,low,5,namesilo,,,
65d545d1-2505-424d-9cf5-abb7f318bc4c,blase.protection,available,1999.99,2049.99,medium,low,5,namesilo,,,10/08/2026 13:19
414ee520-6769-4ad3-a9da-08e0a7e0551f,enjoy.protection,available,1999.99,2049.99,high,medium,5,namesilo,,,30/09/2026 09:44
75ef7a11-de39-4d9d-a6e2-793abb545b47,rushed.protection,available,2064.2,2064.2,high,low,6,spaceship,,,27/09/2026 17:29
b999bc8e-e8bf-4257-af57-eaded7eed572,temple.protection,available,2000.2,2000.2,high,high,6,cloudflare,,,30/09/2026 12:44
c25edb7c-2b81-4e6f-af8d-00d61d091306,anopia.protection,available,1999.99,2049.99,medium,low,6,namesilo,,,19/09/2026 11:39
138a93ce-ee66-485b-b9d9-0c4343c741fa,conjoined.protection,available,1999.99,2049.99,medium,low,9,namesilo,,,12/08/2026 22:03
ac1270f3-23b2-4952-807a-98710f90d49f,brewster.protection,available,1999.99,2049.99,medium,low,8,namesilo,,,28/09/2026 11:34
fda9e182-961f-4eac-a49b-84c6ef0480f8,toter.protection,available,2070,2950,medium,low,5,namecheap,,,22/09/2026 21:16
192b3345-03cd-4e2c-b3cc-a12479ec8091,alborg.protection,available,1999.99,2049.99,medium,low,6,namesilo,,,16/09/2026 13:12
0906621e-fe49-4a4d-bc8b-66d660060a00,beeline.protection,available,2070,2950,high,low,7,namecheap,,,23/09/2026 01:18
d245a969-8b67-4bc9-a121-9f10a07dbfca,charged.protection,available,1999.99,2049.99,high,low,7,namesilo,,,12/08/2026 02:31
193da204-254d-4c1b-ab24-a1da10515780,carts.protection,available,1999.99,2049.99,medium,low,5,namesilo,,,30/09/2026 07:03
6020ef5a-cee5-4fc3-929c-a7989190dc5b,gainesville.protection,available,1999.99,2049.99,medium,low,11,namesilo,,,27/09/2026 07:47
3d5c2048-e5dd-4915-a490-360c884aba3c,overeager.protection,available,1999.99,2049.99,medium,low,9,namesilo,,,04/09/2026 20:31
027f5113-5226-483d-960e-a56448c95a3c,redstart.protection,available,2070,2950,high,low,8,namecheap,,,18/09/2026 20:37
9606d627-c367-4b98-a96e-21d453275cde,all.protection,available,1999.99,2049.99,high,medium,3,namesilo,,,22/09/2026 00:25
42cc8c81-d208-441e-bb0e-efa5de61b709,mania.protection,available,2064.2,2064.2,medium,low,5,spaceship,,,29/09/2026 05:42
61f8e8e2-c1ac-4f31-b136-15a95c1c56b5,stain.protection,available,1999.99,2049.99,high,low,5,namesilo,,,25/09/2026 16:55
42ff6dfe-4b0d-4a91-af1c-8570da69b7b7,tuscan.protection,available,2070,2950,high,low,6,namecheap,,,11/09/2026 21:27
0b6681f8-7cbe-44e1-a35f-412aa6e0a67b,protestant.protection,available,1999.99,2049.99,high,low,10,namesilo,,,09/09/2026 04:08
54506d8e-cae8-4b75-ac84-7b211572e24c,acorus.protection,available,1999.99,2049.99,medium,low,6,namesilo,,,17/09/2026 02:25
dfcad102-624d-4e0f-82aa-5beedad5b432,aniline.protection,available,1999.99,2049.99,medium,low,7,namesilo,,,18/09/2026 21:45
3c007786-8c75-489b-a1a1-49c3380e198b,funding.protection,available,2070,2950,high,low,7,namecheap,,,28/09/2026 14:11
220c8409-2056-420a-971a-a4c01743ac7b,austin.protection,available,1999.99,2049.99,high,low,6,namesilo,,,21/09/2026 04:43
d22b1da2-e5b3-436c-9183-eb0061522061,diesel.protection,available,2064.2,2064.2,high,low,6,spaceship,,,28/09/2026 09:31
572f72da-167a-467d-9af5-3701cd4dba0a,stieglitz.protection,available,1999.99,2049.99,medium,low,9,namesilo,,,18/09/2026 06:45
c828a8b4-9f0d-4197-9076-34ad39731f22,norfolk.protection,available,1999.99,2049.99,high,low,7,namesilo,,,30/09/2026 05:50
69f49389-59fb-4c21-a9ac-267792684ae9,stanch.protection,available,2070,2950,high,low,6,namecheap,,,10/09/2026 19:26
1232c375-6efc-4adc-a8ae-0ef92cff768a,coventry.protection,available,1999.99,2049.99,medium,low,8,namesilo,,,22/09/2026 02:09
6a85827b-cb42-4f19-b948-b94b20a62042,paddlefish.protection,available,1999.99,2049.99,medium,low,10,namesilo,,,14/08/2026 20:48
63a50c87-b49c-482c-819c-ee5d607a3ba4,arthritis.protection,available,1999.99,2049.99,high,low,9,namesilo,,,20/09/2026 10:37
dae8504b-fcc2-465c-8587-bc6ea415de0d,remain.protection,available,1999.99,2049.99,high,low,6,namesilo,,,30/09/2026 11:54
12bd679b-21d0-43a3-98fd-20079c15cfdc,leaves.protection,available,1999.99,2049.99,medium,low,6,namesilo,,,08/09/2026 09:50
e04463c1-7c56-4aef-97f6-b500a21cf2cd,betting.protection,available,2070,2950,high,low,7,namecheap,,,09/08/2026 18:14
a027d71b-d748-4dc2-8e81-f4b836240367,northeast.protection,available,1999.99,2049.99,medium,low,9,namesilo,,,28/09/2026 16:59
6bd21eb0-3961-4f98-8e68-01bff43a8ad9,unwoven.protection,available,1999.99,2049.99,medium,low,7,namesilo,,,12/09/2026 22:51
a175ea3e-a4e6-4573-8e09-017571943532,emeer.protection,available,2070,2950,medium,low,5,namecheap,,,18/09/2026 18:00
6f0c9b83-5fe8-4dd8-b7d6-b87fe320f260,napoli.protection,available,1999.99,2049.99,medium,low,6,namesilo,,,29/09/2026 07:39
52dabeaa-3b4a-4739-80dd-5cdaf4eb38f2,embarrass.protection,available,2000.2,2000.2,medium,low,9,cloudflare,,,29/09/2026 11:42
3f59b430-0551-43ec-85ce-abaf5712d9f3,education.protection,available,2000.2,2000.2,high,low,9,cloudflare,,,30/09/2026 06:00
8341717e-4682-4b14-b797-b1a024371934,whatnot.protection,available,1999.99,2049.99,high,low,8,namesilo,,,
94c0173e-5ff1-414f-8b3f-3a3a17f0c904,daughterly.protection,available,2999.99,3799.99,medium,low,10,name.com,,,13/08/2026 18:46
2dd61dd2-4ce8-4c65-b0c5-de02ee297160,granny.protection,available,2064.2,2064.2,high,low,6,spaceship,,,29/09/2026 21:16
bea4b242-0dc8-4a4b-ac8a-aa65966c8a50,shielded.protection,available,1999.99,2049.99,high,medium,8,namesilo,,,10/09/2026 06:27
56c1091d-6f30-4d26-a77a-095938a8de18,anytime.protection,available,1999.99,2049.99,high,low,7,namesilo,,,
0860c735-eb95-46f1-86e6-7ffee2883b4c,hollows.protection,available,1999.99,2049.99,low,low,7,namesilo,,,20/09/2026 18:42
bd94a726-18f7-461a-8176-8f944364a475,lenox.protection,available,1999.99,2049.99,medium,low,5,namesilo,,,28/09/2026 22:22
276ecb4c-29e8-48d0-9e97-d32491a1ca96,redemptive.protection,available,1999.99,2049.99,high,medium,10,namesilo,,,09/09/2026 12:19
527d45ee-bd6a-43ac-b41e-b89c008ae2b4,based.protection,available,2070,2950,high,medium,5,namecheap,,,29/09/2026 17:50
39b0e79e-7c63-4ca0-8b51-f92837d984e6,rush.protection,available,1999.99,2049.99,high,low,4,namesilo,,,24/09/2026 18:44
a4d74bd3-cf23-4fcd-a913-b98a60c7b978,heavyset.protection,available,1999.99,2049.99,medium,low,8,namesilo,,,21/08/2026 05:31
aeec4250-d125-4558-ac0d-c8483c1def8f,row.protection,available,2070,2950,high,low,3,namecheap,,,25/09/2026 05:05
a4eb2d29-c2d5-4e4c-a790-308f0ab6310f,castaway.protection,available,2070,2950,high,low,8,namecheap,,,04/09/2026 19:05
9ec44047-0ff2-43c4-8d4e-b75c4d30f6e2,campus.protection,available,2060.25,2060.25,high,medium,6,porkbun,,,29/09/2026 06:20
b787f981-48b9-4e18-85db-b43633ebcdf8,litigate.protection,available,1999.99,2049.99,medium,low,8,namesilo,,,17/09/2026 05:06
7c553184-0419-4050-98f0-3c077b7714c1,jacqueline.protection,available,1999.99,2049.99,high,low,10,namesilo,,,29/09/2026 03:58
ef91ce3f-3a7c-474a-89f4-b3c4ab1edf75,auricle.protection,available,1999.99,2049.99,medium,low,7,namesilo,,,21/09/2026 00:43
5b099c79-5fb8-4d24-aafb-88aa7360ae91,dandified.protection,available,2999.99,3799.99,medium,low,9,name.com,,,13/08/2026 17:01
37b59b50-7f2d-418b-b7b9-fd323565db85,received.protection,available,1999.99,2049.99,high,low,8,namesilo,,,27/09/2026 10:43
d03d052c-bcaa-49a1-96c9-30d5688f6f79,archean.protection,available,1999.99,2049.99,medium,low,7,namesilo,,,06/08/2026 15:05
c80011d0-876d-4772-8cb1-a98956c6926d,drawback.protection,available,2070,2950,medium,low,8,namecheap,,,24/09/2026 23:54
d58f0c8f-9b70-466f-b3b0-6f83e2cef972,tutorial.protection,available,2070,2950,high,low,8,namecheap,,,11/09/2026 21:31
7a771fb0-cb9a-4af6-8781-f06bb65b41a5,dill.protection,available,1999.99,2049.99,high,low,4,namesilo,,,19/09/2026 05:36
9d10a8b2-0ee3-4a57-ae39-3cc98c1b3848,valueable.protection,available,1999.99,2049.99,medium,low,9,namesilo,,,
5df54bdc-27a7-44ef-ba7a-9822a436ccec,overs.protection,available,1999.99,2049.99,medium,low,5,namesilo,,,20/09/2026 10:07
f21cb852-58ad-408a-b056-69f8b1ebcfaa,cretin.protection,available,2070,2950,medium,low,6,namecheap,,,21/08/2026 20:26
99dfdeaf-b95c-412a-aa4d-aae45dec0681,oracular.protection,available,1999.99,2049.99,medium,low,8,namesilo,,,04/09/2026 17:12
4b5a25eb-6bad-411a-93b0-aabd4043ebe6,bantam.protection,available,1999.99,2049.99,medium,low,6,namesilo,,,08/08/2026 14:01
3aa50290-3a71-4f88-8d2f-ea5a53463742,overjoy.protection,available,2064.2,2064.2,high,low,7,spaceship,,,30/09/2026 21:15
200d3409-fc0e-4493-90ea-af76b38c398a,anubis.protection,available,1999.99,2049.99,medium,low,6,namesilo,,,19/09/2026 11:58
e3c01a5f-4851-4c75-abfc-6331f64bfab8,ruined.protection,available,2000.2,2000.2,high,low,6,cloudflare,,,27/09/2026 16:41
d31387f5-9fa1-49d7-9aab-464a977ef886,genetically.protection,available,2060.25,2060.25,medium,low,11,porkbun,,,28/09/2026 21:22
b618825c-08f3-4757-8f18-7b82cb0a7400,sumter.protection,available,1999.99,2049.99,high,low,6,namesilo,,,28/09/2026 12:23
fe0a684b-7af9-4982-a0bd-8217e9a20753,pesos.protection,available,2000.2,2000.2,medium,low,5,cloudflare,,,30/09/2026 06:56
06be12b0-2f7c-43e0-9d6e-c54b3358602e,selkirk.protection,available,1999.99,2049.99,medium,low,7,namesilo,,,18/09/2026 05:50
2e3de289-c440-4fa9-8b46-541663444d72,dependence.protection,available,1999.99,2049.99,medium,low,10,namesilo,,,17/09/2026 06:54
956200c3-2654-4cd4-9593-fa740778fda3,rushing.protection,available,2064.2,2064.2,medium,low,7,spaceship,,,27/09/2026 17:20
e3b2c0ad-0a53-4a0c-9daa-e1580ad38e0a,kingdom.protection,available,2000.2,2000.2,high,medium,7,cloudflare,,,30/09/2026 01:36
d91837f1-fdb0-41c4-bc39-f542f92215dc,ringtail.protection,available,1999.99,2049.99,medium,low,8,namesilo,,,22/09/2026 12:08
e32e6cb2-8d66-4c90-99bc-67444eedc3cc,fortified.protection,available,1999.99,2049.99,high,low,9,namesilo,,,09/08/2026 00:17
d129d4f8-b401-4a6c-a23d-34350e0af09c,xxxiv.protection,available,1999.99,2049.99,medium,low,5,namesilo,,,
749de55b-4b8e-43f0-8c88-1ce1c3a09231,ionised.protection,available,1999.99,2049.99,medium,low,7,namesilo,,,22/08/2026 09:33
80810bab-a9ef-435a-9b30-5947f0b6eb39,moby.protection,available,2064.2,2064.2,medium,low,4,spaceship,,,30/09/2026 04:05
44240c1d-2b6b-4b4b-b3af-743360fc29c8,demographics.protection,available,2064.2,2064.2,high,low,12,spaceship,,,30/09/2026 06:26
6fb2bb37-aaf2-4bc5-bb2c-aef158084c28,constantin.protection,available,2060.25,2060.25,high,low,10,porkbun,,,29/09/2026 09:43
bd23a2c4-7615-4048-abdb-db5ad948870d,respected.protection,available,2064.2,2064.2,high,low,9,spaceship,,,27/09/2026 12:38
c9f86c4a-7518-46d5-bf76-3c854ec3ab9d,maestro.protection,available,1999.99,2049.99,high,high,7,namesilo,,,24/08/2026 16:47
33d0c2cc-b46a-4039-b7ac-23af796dd092,wearing.protection,available,1999.99,2049.99,medium,low,7,namesilo,,,11/09/2026 16:26
ffe87fef-5fdc-45ce-94ab-fb9a99da0fc7,amniotic.protection,available,2070,2950,medium,low,8,namecheap,,,
5f5427d7-0177-42b4-a391-8e53cb5fd6a5,rheumatic.protection,available,1999.99,2049.99,medium,low,9,namesilo,,,06/08/2026 23:05
49ede70e-5147-4ff8-bbac-f56013dd9855,pickaback.protection,available,1999.99,2049.99,medium,low,9,namesilo,,,15/09/2026 19:48
94e2eea7-4d54-4d88-a4ca-36b676d8004c,augend.protection,available,2070,2950,medium,low,6,namecheap,,,21/09/2026 03:16
92cdbce5-f940-457f-893a-6e4070c0dea9,bonn.protection,available,1999.99,2049.99,high,low,4,namesilo,,,25/09/2026 01:56
72bfc94c-0eab-4c21-8658-3d0ee83b3f43,enforced.protection,available,1999.99,2049.99,medium,low,8,namesilo,,,17/08/2026 07:32
47b69455-3557-4cfd-aff0-5fb3473b7c96,tastily.protection,available,1999.99,2049.99,medium,low,7,namesilo,,,16/09/2026 08:03
f766fa5a-3354-480c-836d-61bfb76a49ca,sys.protection,available,1999.99,2049.99,high,low,3,namesilo,,,30/09/2026 14:33
61505ba6-3cd5-47e2-91d2-de67f96b28be,assemblage.protection,available,1999.99,2049.99,high,low,10,namesilo,,,17/09/2026 17:28
1ac2da18-9e65-4bfd-9ee2-bd9fbee29413,affined.protection,available,1999.99,2049.99,medium,low,7,namesilo,,,
dd0dc2f0-d1aa-47a2-a0d1-c6023aadbcd1,tanker.protection,available,1999.99,2049.99,high,low,6,namesilo,,,29/09/2026 07:46
36f02f2b-6ea3-471d-ae71-909fe00b880b,corey.protection,available,2070,2950,high,low,5,namecheap,,,26/09/2026 03:27
76a29b67-4fea-4974-8406-107be4ac845b,airs.protection,available,1999.99,2049.99,high,low,4,namesilo,,,17/09/2026 23:21
366c59ed-346e-43c7-9697-13eb028ffffe,endearing.protection,available,2070,2950,high,low,9,namecheap,,,21/09/2026 19:24
c0af6112-bcf6-4d78-a3d6-777f0ee270e3,aphonic.protection,available,1999.99,2049.99,medium,low,7,namesilo,,,05/08/2026 23:17
b7d4c114-c42c-434b-a2e2-7461f1bd8696,biff.protection,available,1999.99,2049.99,medium,low,4,namesilo,,,23/09/2026 13:51
c4903d08-876d-4642-b1c1-37c6bbd99f50,pleb.protection,available,2070,2950,medium,low,4,namecheap,,,08/09/2026 21:04
10ea4d90-0340-42d7-936f-75e8708a9d43,comer.protection,available,1999.99,2049.99,medium,low,5,namesilo,,,20/09/2026 09:17
93d82c70-bf54-43af-83bf-e0c2b293dc54,architects.protection,available,2064.2,2064.2,medium,low,10,spaceship,,,30/09/2026 07:29
5a8672ee-a5d0-4540-99e0-651c84d1e5d1,mashed.protection,available,1999.99,2049.99,high,low,6,namesilo,,,30/09/2026 12:00
0d34b26d-5319-4210-9b66-7723b8a3a35f,tents.protection,available,2140.22,2140.22,medium,low,5,dynadot,,,29/09/2026 16:28
080d44f5-eff7-4a52-99a4-7f1f6b5fa67a,declarer.protection,available,1999.99,2049.99,medium,low,8,namesilo,,,17/09/2026 14:33
5b9e4890-f9d1-4613-9189-91f223baf4e7,deeper.protection,available,1999.99,2049.99,high,low,6,namesilo,,,17/09/2026 12:06
02de7d03-8f03-4311-9d39-8705337f431c,vanilla.protection,available,1999.99,2049.99,high,low,7,namesilo,,,13/09/2026 01:08
a41a1457-6403-4e66-b1f6-353aa78922e0,crows.protection,available,1999.99,2049.99,high,low,5,namesilo,,,20/09/2026 17:41
c039109e-42d2-4eab-b047-d1dae39281bf,hormonal.protection,available,1999.99,2049.99,medium,low,8,namesilo,,,21/08/2026 14:02
54fc9f77-10f8-44b6-893e-e411b252d2d7,complicated.protection,available,2000.2,2000.2,high,low,11,cloudflare,,,01/10/2026 01:52
abeaeb06-5815-49d5-9416-2cd3720e64c9,didrikson.protection,available,1999.99,2049.99,medium,low,9,namesilo,,,21/09/2026 12:34
e7704bb2-b191-4ea2-a446-7ce79e0877c7,inhibited.protection,available,1999.99,2049.99,medium,low,9,namesilo,,,22/08/2026 05:07
d3f1935c-ca9b-45e9-b1dc-9784b47c479f,bennington.protection,available,1999.99,2049.99,high,low,10,namesilo,,,23/09/2026 08:33
287bcca9-4274-4c47-886c-278de5d563de,alphonse.protection,available,1999.99,2049.99,medium,low,8,namesilo,,,28/09/2026 21:53
562a275b-a9f1-4d95-bb1a-376a46486115,proponent.protection,available,1999.99,2049.99,high,low,9,namesilo,,,17/09/2026 11:45
c4c7edd3-88d7-406a-b331-756f0077f7f2,nang.protection,available,2070,2950,high,low,4,namecheap,,,30/09/2026 19:24
b6ca899b-5490-44ab-802e-253b2630446f,ammine.protection,available,2070,2950,medium,low,6,namecheap,,,18/09/2026 22:03
d25ce88f-70b8-419c-868d-0716c82435b7,picket.protection,available,1999.99,2049.99,high,low,6,namesilo,,,04/09/2026 23:25
c442fbcd-a6ef-43da-9ff5-f7636d86aa6d,below.protection,available,1999.99,2049.99,high,low,5,namesilo,,,24/09/2026 12:01
8529fcca-1d86-4e43-a653-73a2e6b49971,agaricus.protection,available,1999.99,2049.99,medium,low,8,namesilo,,,17/09/2026 16:23
be760fb6-15ee-403d-a90a-d88fdbd13905,tirana.protection,available,1999.99,2049.99,high,low,6,namesilo,,,18/09/2026 02:27
10f20d8c-da9c-4b2a-b826-0c32f963acb7,grande.protection,available,2064.2,2064.2,medium,low,6,spaceship,,,29/09/2026 02:58
bd99e38e-b416-4c7c-a2af-dfffdd74795d,worrisome.protection,available,1999.99,2049.99,medium,low,9,namesilo,,,14/08/2026 13:21
931ff60d-5ce4-4d05-87f1-4bcac51176a7,iga.protection,available,2070,2950,medium,low,3,namecheap,,,29/09/2026 13:05
0e2b14d8-e6de-46b2-88e9-1487879fd902,tetragon.protection,available,1999.99,2049.99,medium,low,8,namesilo,,,09/09/2026 07:24
1ff032dc-ea38-4fdd-b04f-8a843723bcc0,mice.protection,available,2140.22,2140.22,high,low,4,dynadot,,,28/09/2026 07:00
90ead094-18f6-4758-9317-e6fd6b80f7fc,bart.protection,available,1999.99,2049.99,high,low,4,namesilo,,,22/09/2026 07:32
97c28f1c-fd3a-4f0d-a925-48be8fdc5977,polysemous.protection,available,1999.99,2049.99,medium,low,10,namesilo,,,08/09/2026 23:31
4cf5c5f2-28e6-4836-96d8-17191c1dee0b,energetic.protection,available,1999.99,2049.99,high,low,9,namesilo,,,17/08/2026 05:58
d6bce411-ad1c-480b-9563-5a437c0eed41,diaphanous.protection,available,1999.99,2049.99,medium,low,10,namesilo,,,12/08/2026 14:26
3f1915d4-e3b3-4e38-90e1-334cb16da916,archangel.protection,available,1999.99,2049.99,high,low,9,namesilo,,,19/09/2026 05:59
fd573480-83ed-4b75-92f2-0d874736d103,preset.protection,available,1999.99,2049.99,high,medium,6,namesilo,,,09/09/2026 01:24
ad64e7c0-51d9-4bd4-88c3-c08335d0a13f,bebop.protection,available,2999.99,3799.99,high,low,5,name.com,,,22/09/2026 22:33
963f1b53-f601-4cf4-8302-cb1d88a5f6bf,fascination.protection,available,1999.99,2049.99,high,low,11,namesilo,,,29/09/2026 16:24
51971e3a-553f-4371-8946-e56eb6ad46b4,count.protection,available,1999.99,2049.99,high,low,5,namesilo,,,25/09/2026 23:32
6058c765-b264-4cfd-b669-e6fd49c10001,hypnotic.protection,available,1999.99,2049.99,high,low,8,namesilo,,,21/08/2026 17:07
dafe88ba-ce8f-4f14-926c-ea55649cd4b0,nectarous.protection,available,1999.99,2049.99,medium,low,9,namesilo,,,
3375b1ef-32f2-4375-bcde-cfac96ea6160,haptic.protection,available,1999.99,2049.99,medium,low,6,namesilo,,,21/08/2026 00:01
8d3a111a-472f-4287-b534-b84e7ed0e433,alosa.protection,available,1999.99,2049.99,medium,low,5,namesilo,,,18/09/2026 13:26
63b33586-b8ee-4c28-b493-13d438758129,kingman.protection,available,2064.2,2064.2,medium,low,7,spaceship,,,30/09/2026 13:59
f8cd28ba-6c21-4af4-b61b-758c7c23af10,haircut.protection,available,2000.2,2000.2,high,low,7,cloudflare,,,29/09/2026 21:56
baff6f30-6371-4896-a8f3-daec523371bf,cantaloup.protection,available,1999.99,2049.99,high,low,9,namesilo,,,24/09/2026 12:08
ae6910fa-0a2e-4493-a5e6-f1d5a193be6f,microscope.protection,available,2064.2,2064.2,high,low,10,spaceship,,,28/09/2026 19:53
e5d87ec7-5984-435d-ade7-3ccf88aceac6,centesimal.protection,available,1999.99,2049.99,medium,low,10,namesilo,,,
2fb82fd7-96c2-4764-a5ca-f206d336c9fa,weather.protection,available,1999.99,2049.99,high,medium,7,namesilo,,,23/09/2026 02:29
a6b1a6d1-3fcb-4b12-ba1a-9ffdcea333e0,ruttish.protection,available,1999.99,2049.99,medium,low,7,namesilo,,,21/08/2026 14:10
2dd41d5e-1463-40bc-957f-af51188a7acc,funded.protection,available,2070,2950,high,low,6,namecheap,,,18/08/2026 18:23
c84caa0e-07ba-4f2f-9632-eef4239ded8c,armageddon.protection,available,2070,2950,high,low,10,namecheap,,,20/09/2026 06:29
997e0c4f-71dc-45e3-a518-aff33ae75adb,content.protection,available,2060.25,2060.25,high,medium,7,porkbun,,,30/09/2026 05:56
bae584c2-2291-4125-b7a0-6703e75976bd,apophatic.protection,available,1999.99,2049.99,medium,low,9,namesilo,,,06/08/2026 02:27
f5b4f8d9-ec05-42e0-87e5-9b9d2e19fe1e,hairdryers.protection,available,1999.99,2049.99,medium,low,10,namesilo,,,20/09/2026 13:02
213d39b7-c694-487c-9c54-93f06d776696,suborbital.protection,available,1999.99,2049.99,medium,low,10,namesilo,,,11/09/2026 00:34
6f207699-94b5-41ee-a47b-3d3a032baa56,bereft.protection,available,1999.99,2049.99,low,low,6,namesilo,,,09/08/2026 15:05
dc820831-fe5c-41e2-94be-8ef14f040ee8,revived.protection,available,1999.99,2049.99,high,low,7,namesilo,,,09/09/2026 11:00
1292c81f-8922-486b-8992-b386be004ecb,alchemist.protection,available,1999.99,2049.99,high,low,9,namesilo,,,18/09/2026 03:58
9804b021-ae45-474e-b2f7-f9d09aabd3ff,rawson.protection,available,2000.2,2000.2,medium,low,6,cloudflare,,,30/09/2026 21:33
7ae3ec07-148c-4032-8f6d-fd9f61931b23,pao.protection,available,2064.2,2064.2,high,low,3,spaceship,,,29/09/2026 09:17
cf00c1b3-689e-460e-91ec-3fb6741fdced,deerfield.protection,available,1999.99,2049.99,high,low,9,namesilo,,,29/09/2026 10:06
928758a0-0a12-44ba-b85c-afecb65291e2,contemplate.protection,available,2064.2,2064.2,high,low,11,spaceship,,,30/09/2026 11:45
c5adfb92-726e-44d0-b1e4-84bf8044ae0b,equals.protection,available,1999.99,2049.99,medium,low,6,namesilo,,,18/09/2026 22:09
eba8aaa6-8da2-4c8b-8f9b-691d0de47702,autism.protection,available,1999.99,2049.99,high,low,6,namesilo,,,21/09/2026 05:28
778e83a3-e576-47a1-82f2-4c68f330e758,acuity.protection,available,1999.99,2049.99,high,low,6,namesilo,,,17/09/2026 05:29
a9b151a1-e9b4-4a72-b98c-190853ed69f8,dynamical.protection,available,1999.99,2049.99,high,low,9,namesilo,,,14/08/2026 21:57
3e24d312-c8b4-4165-9fdd-ec3228b32a60,truce.protection,available,1999.99,2049.99,high,low,5,namesilo,,,20/09/2026 07:17
a6587a44-39b7-4fa5-96e4-cc4cab4a80c7,awhile.protection,available,2070,2950,medium,low,6,namecheap,,,28/09/2026 13:12
a46d7b31-1aee-462c-80a2-c86e26dd3c35,cocaine.protection,available,2000.2,2000.2,high,low,7,cloudflare,,,27/09/2026 12:35
b162f453-7f72-46a5-83d4-94c980ebeaa6,trustfully.protection,available,1999.99,2049.99,high,low,10,namesilo,,,14/09/2026 08:14
a53520bf-0efd-400a-a1d9-01143550d0e9,profitability.protection,available,1999.99,2049.99,high,low,13,namesilo,,,30/09/2026 13:44
7dfbeb51-c47f-4689-a9c9-19d135457959,monogamous.protection,available,1999.99,2049.99,high,low,10,namesilo,,,25/08/2026 05:11
fbba47fe-d96a-45db-b1df-9a876493e890,elects.protection,available,1999.99,2049.99,medium,low,6,namesilo,,,21/09/2026 04:31
e864c7bb-8477-4b67-9374-aca7e5814770,blastocyst.protection,available,2070,2950,medium,low,10,namecheap,,,24/09/2026 04:28
9d3c3b7f-ecc3-4d25-8b03-42e7fea267cf,highway.protection,available,2064.2,2064.2,high,low,7,spaceship,,,29/09/2026 22:47
0121196f-103d-4c25-89fc-0add56b79dbb,abjuration.protection,available,1999.99,2049.99,medium,low,10,namesilo,,,16/09/2026 15:59
c0f2d0d8-e4ae-4ad8-ab5b-405319d791d1,pushful.protection,available,1999.99,2049.99,high,medium,7,namesilo,,,09/09/2026 06:36
c54fd77e-f90c-4393-ad90-8cd2bf52754c,lviv.protection,available,2060.25,2060.25,medium,low,4,porkbun,,,30/09/2026 21:20
f2ba4096-378c-485f-bd37-421b999c489c,cordova.protection,available,2064.2,2064.2,high,low,7,spaceship,,,29/09/2026 11:58
ffd486f5-f415-4d03-a3b3-d330574d6160,nosocomial.protection,available,1999.99,2049.99,medium,low,10,namesilo,,,03/09/2026 21:56
21e2aab5-afbf-4e71-a69d-db2cb301b5d3,approx.protection,available,2070,2950,medium,low,6,namecheap,,,27/09/2026 02:29
dd30bd65-d00c-48e3-923a-984c350ab878,saves.protection,available,2000.2,2000.2,medium,low,5,cloudflare,,,28/09/2026 09:04
d2e8081e-50ec-4df4-9d18-07a0f1dfd38e,cramp.protection,available,2000.2,2000.2,medium,low,5,cloudflare,,,30/09/2026 16:50
5bcc23d9-6dc5-4ba7-b2a5-0e71236e6e79,olin.protection,available,2000.2,2000.2,medium,low,4,cloudflare,,,29/09/2026 04:10
8504c613-6ef2-46f6-ba3c-c120e7c20f76,unquestionable.protection,available,2950,,medium,low,14,namecheap,,,
885720e8-1a8c-4990-917f-907b1b23a7b5,fim.protection,available,2064.2,2064.2,medium,low,3,spaceship,,,29/09/2026 21:32
ff464937-ef01-4b73-ae91-bfddb4fe5404,dock.protection,available,2070,2950,high,low,4,namecheap,,,22/09/2026 23:34
a2adb196-1c4f-43ee-a2b4-ea5286ea0458,format.protection,available,2064.2,2064.2,high,low,6,spaceship,,,29/09/2026 18:35
e46a1086-b29d-41cc-b2eb-d212f72cbe84,beginnings.protection,available,2064.2,2064.2,medium,low,10,spaceship,,,30/09/2026 00:17
2834aa7b-7719-4a47-97e5-ce7bcc8339cb,brussels.protection,available,2070,2950,high,low,8,namecheap,,,23/09/2026 04:57
ad204136-d366-4252-a4ca-2f2854c95c07,altruism.protection,available,1999.99,2049.99,high,low,8,namesilo,,,28/09/2026 20:45
13296df8-63a5-4b65-898c-df2c6df7032c,competitors.protection,available,1999.99,2049.99,medium,low,11,namesilo,,,29/09/2026 11:34
b9ad477d-3b63-41d7-9134-491d8d1fd0b2,caen.protection,available,2064.2,2064.2,medium,low,4,spaceship,,,29/09/2026 09:32
a1b8a935-8e72-4344-b89f-e101cf579006,silly.protection,available,1999.99,2049.99,high,low,5,namesilo,,,21/09/2026 23:43
7607e0b6-95b2-4917-8b09-5c1c67c483a2,unclipped.protection,available,1999.99,2049.99,medium,low,9,namesilo,,,12/09/2026 05:25
a307998b-d280-4f1d-a85f-f92add2d44e3,havre.protection,available,2064.2,2064.2,medium,low,5,spaceship,,,28/09/2026 03:56
ff46d021-2193-4007-a04d-2e746c817345,basseterre.protection,available,1999.99,2049.99,medium,low,10,namesilo,,,22/09/2026 12:18
61c4fb30-ecb1-46cc-8c8d-37eb3429b53a,yeti.protection,available,2070,2950,high,high,4,namecheap,,,16/09/2026 16:30
f109ad7f-8f51-4cca-9eb5-9b0210ddbd49,heinz.protection,available,1999.99,2049.99,high,low,5,namesilo,,,25/09/2026 07:09
f54fc33e-34d9-4bf1-9a69-a4d0aaaae010,regulations.protection,available,2070,2950,medium,low,11,namecheap,,,28/09/2026 04:25
5933de0a-400a-4707-9abd-d49841c43db0,homeward.protection,available,1999.99,2049.99,high,low,8,namesilo,,,21/08/2026 11:22
b0f9231c-a946-40c5-9b6a-a7b2e6f77465,blind.protection,available,1999.99,2049.99,high,low,5,namesilo,,,22/09/2026 21:56
7249fb43-b3c5-4389-995f-bde9842fab46,amnios.protection,available,1999.99,2049.99,medium,low,6,namesilo,,,18/09/2026 22:26
e4348761-b011-49e0-b235-c1e139d0b305,guile.protection,available,1999.99,2049.99,medium,low,5,namesilo,,,13/08/2026 10:41
3234b17d-aaf5-455c-b599-b922c18d60ce,elective.protection,available,1999.99,2049.99,high,low,8,namesilo,,,16/08/2026 02:33
d226c99d-6d5b-4f8f-a116-95437660870a,kid.protection,available,1999.99,2049.99,high,low,3,namesilo,,,25/09/2026 12:09
8235dc9e-ae53-4d12-91ff-1342d3afc613,julia.protection,available,2070,2950,high,low,5,namecheap,,,25/09/2026 19:23
18476b2c-95f8-4aaa-b8be-748ac09c15ca,screamer.protection,available,1999.99,2049.99,medium,low,8,namesilo,,,22/09/2026 17:00
aad8ae36-bc12-4729-8080-3c1707f3514f,formally.protection,available,1999.99,2049.99,high,low,8,namesilo,,,14/09/2026 19:42
c0cdccc5-cdbb-41b8-a6d4-d4fe305b019f,kirkland.protection,available,1999.99,2049.99,high,high,8,namesilo,,,
419de29a-8f75-48b6-8907-14402e6bba06,sequent.protection,available,1999.99,2049.99,high,low,7,namesilo,,,
067c1e86-1706-424d-8a62-804bcffd7f7c,threesome.protection,available,1999.99,2049.99,high,low,9,namesilo,,,
3242c09a-74f1-4142-b36d-f2f05d7f8713,academe.protection,available,2070,2950,high,low,7,namecheap,,,16/09/2026 20:22
e8a9a1dc-a96d-432d-ba37-829274cececb,smothering.protection,available,1999.99,2049.99,high,medium,10,namesilo,,,10/09/2026 12:15
7c5f9467-a76e-4cb1-9c16-f2817b33d3c1,trenchant.protection,available,1999.99,2049.99,medium,low,9,namesilo,,,12/08/2026 10:33
9c0cf5f9-53ed-48ee-86f3-7800bb567821,agamid.protection,available,1999.99,2049.99,medium,low,6,namesilo,,,17/09/2026 16:08
8ecc1340-da14-4ad9-a139-394b58931442,canceled.protection,available,2070,2950,medium,low,8,namecheap,,,27/09/2026 22:41
4878d1ab-22b6-4140-ad46-faf486a9f159,capitalism.protection,available,2000.2,2000.2,high,low,10,cloudflare,,,29/09/2026 07:23
e1ea882d-9dc0-4ac5-bb3b-3aa3b97d4d56,pastures.protection,available,2000.2,2000.2,medium,low,8,cloudflare,,,30/09/2026 07:16
ecff2058-3097-4b93-a9a0-8afb2c4ca611,frore.protection,available,1999.99,2049.99,low,low,5,namesilo,,,18/08/2026 16:21
334f0b49-5e16-4509-97e5-e1a6b311da68,fifty.protection,available,1999.99,2049.99,high,low,5,namesilo,,,
bf2bed10-6c66-48b6-94b3-053d74640f6a,manzanita.protection,available,1999.99,2049.99,medium,low,9,namesilo,,,20/09/2026 01:04
f054b872-77e6-4a6d-9f9f-dea61b85f24c,missouri.protection,available,1999.99,2049.99,high,low,8,namesilo,,,28/09/2026 10:24
23025118-2503-4749-ad01-3fec1f7b5573,info.protection,available,2064.2,2064.2,high,medium,4,spaceship,,,30/09/2026 00:06
31bd7821-d049-4307-afa8-af552863c106,nicholls.protection,available,2064.2,2064.2,medium,low,8,spaceship,,,28/09/2026 16:37
af4ac283-3971-492d-8547-89b2c4e161d2,alternatively.protection,available,2070,2950,medium,low,13,namecheap,,,16/09/2026 12:44
d5c9d39b-2b7d-4127-9b1e-38018b7a4f1c,brennan.protection,available,2070,2950,medium,low,7,namecheap,,,25/09/2026 21:53
e3e47c14-b98c-45f2-8ef8-edd52b79c30b,symmetric.protection,available,1999.99,2049.99,high,low,9,namesilo,,,11/09/2026 06:03
a6b93c6c-3cdc-4458-a8b9-4ace464b7d50,bromley.protection,available,1999.99,2049.99,medium,low,7,namesilo,,,28/09/2026 17:16
02de121f-16e4-47ed-a30f-bb5818db8505,nympho.protection,available,1999.99,2049.99,medium,low,6,namesilo,,,03/09/2026 23:18
7ba4e753-4df7-4900-9a20-7da0b6b40ca6,headaches.protection,available,2140.22,2140.22,low,low,9,dynadot,,,29/09/2026 06:01
7a27f0e1-ee7a-4fde-94c7-9671e775c084,ruffianly.protection,available,2070,2950,high,medium,9,namecheap,,,09/09/2026 19:19
aec1f2a5-38c5-42b1-a1fe-44fc5be81b07,nipple.protection,available,2064.2,2064.2,high,low,6,spaceship,,,30/09/2026 02:11
32a51f78-1ce1-4004-a94b-bcabb1a3690b,propaganda.protection,available,1999.99,2049.99,high,low,10,namesilo,,,28/09/2026 15:08
b02669e0-00c9-46c5-a80d-5ed5eb17bf1d,pigboat.protection,available,1999.99,2049.99,medium,low,7,namesilo,,,11/09/2026 00:21
e6984989-5f38-41cd-a733-620834f97181,performance.protection,available,1999.99,2049.99,high,low,11,namesilo,,,25/09/2026 16:44
3cb2ac6f-f3ea-4ae9-8611-db12f049cf6e,personable.protection,available,2070,2950,high,low,10,namecheap,,,08/09/2026 17:59
ed248505-1012-46fc-aa36-bc84fed6d82a,kee.protection,available,2064.2,2064.2,medium,low,3,spaceship,,,30/09/2026 00:37
4eddc544-4736-408c-bc55-605ed979ffb9,screwdrivers.protection,available,1999.99,2049.99,medium,low,12,namesilo,,,20/09/2026 04:52
9a50cd24-6100-4e73-8a64-81af8d33eef8,suckers.protection,available,2140.22,2140.22,medium,low,7,dynadot,,,30/09/2026 16:06
56fd1ae2-69e9-4511-8fde-a2ce8e850ddd,biomass.protection,available,2070,2950,high,low,7,namecheap,,,23/09/2026 18:29
76cb8f06-d7d2-4eb2-a354-6b0b8721a75f,chanukkah.protection,available,1999.99,2049.99,medium,low,9,namesilo,,,29/09/2026 08:11
8fa25424-4b37-45f7-8692-7e8c21cb197c,statue.protection,available,2070,2950,high,low,6,namecheap,,,26/09/2026 00:24
069f3bab-9010-4923-bb47-558dbb1a4c52,numbers.protection,available,2000.2,2000.2,high,low,7,cloudflare,,,29/09/2026 03:35
dd2ea1e1-4d08-46f1-9ce8-ff59bbcf2261,recurvate.protection,available,1999.99,2049.99,high,medium,9,namesilo,,,09/09/2026 12:07
acd97c67-1d85-4a2c-a9d4-1cccb427fccc,operant.protection,available,1999.99,2049.99,high,low,7,namesilo,,,04/09/2026 16:22
a17cffa0-4425-42ed-a295-db08d3462fcd,snowball.protection,available,2070,2950,high,low,8,namecheap,,,16/09/2026 17:20
8b0a6857-d84d-45ce-a577-0b9aa1de47fd,duck.protection,available,2060.25,2060.25,high,low,4,porkbun,,,29/09/2026 17:03
9a005431-b542-4eb2-9090-59007b9156a5,written.protection,available,2060.25,2060.25,high,low,7,porkbun,,,27/09/2026 18:44
f0ce6d90-27fe-49a2-9442-da5195efbdd4,timing.protection,available,1999.99,2049.99,high,low,6,namesilo,,,27/09/2026 05:40
39ac0e08-9f92-4ea5-a65f-7cfb6b8902c0,lazily.protection,available,1999.99,2049.99,medium,low,6,namesilo,,,15/09/2026 01:40
a1700a91-3a45-4361-968f-626e2da2831b,rook.protection,available,1999.99,2049.99,high,low,4,namesilo,,,14/09/2026 07:54
e58bb016-df36-4b75-974a-708bd1a4fdd3,preferable.protection,available,1999.99,2049.99,high,medium,10,namesilo,,,09/09/2026 01:36
cb95fd55-3ff9-4f81-ad86-ce8ea717757f,reel.protection,available,2070,2950,high,low,4,namecheap,,,24/09/2026 06:24
07d4f92a-4923-4c0b-99f0-32a3f4e6f9bc,official.protection,available,1999.99,2049.99,high,low,8,namesilo,,,26/09/2026 00:05
6326320d-84e2-4f6d-bdea-f0d39e405903,balsamic.protection,available,1999.99,2049.99,high,low,8,namesilo,,,22/09/2026 16:34
11f1d771-4d81-47b3-9edf-4c2baae83b2f,dealers.protection,available,1999.99,2049.99,medium,low,7,namesilo,,,28/09/2026 09:08
f346ba97-c3a7-40de-90f7-8c02ef0e612a,lister.protection,available,1999.99,2049.99,medium,low,6,namesilo,,,22/09/2026 07:14
c9d71359-cba4-4f3e-b2a8-659e9120df04,sporadic.protection,available,1999.99,2049.99,medium,low,8,namesilo,,,10/09/2026 16:29
c3172b49-4cec-4ee4-ae1c-3fdcda55f5c9,commemorate.protection,available,2064.2,2064.2,high,low,11,spaceship,,,30/09/2026 03:37
ad25f2db-ac73-4aff-b808-64af531085a8,rac.protection,available,1999.99,2049.99,high,low,3,namesilo,,,30/09/2026 04:10
d0179ca7-7eab-404b-968e-5b6d2ad59956,july.protection,available,2060.25,2060.25,high,low,4,porkbun,,,30/09/2026 01:04
1e746e0e-0ee3-4396-a75a-6fbfd02d244b,minus.protection,available,1999.99,2049.99,medium,low,5,namesilo,,,25/08/2026 00:55
61e17036-452c-473b-ae48-010565420363,hebrides.protection,available,1999.99,2049.99,medium,low,8,namesilo,,,29/09/2026 13:01
8cb1e140-3c57-4c7d-bc5e-51289b893af2,unpassable.protection,available,1999.99,2049.99,medium,low,10,namesilo,,,21/08/2026 21:49
aa25c038-5e43-4b0c-85d5-a8773d45ad83,palatable.protection,available,1999.99,2049.99,high,low,9,namesilo,,,04/09/2026 23:15
0de15580-241f-43be-b208-bc33a505750e,minutely.protection,available,1999.99,2049.99,medium,low,8,namesilo,,,15/09/2026 15:04
d03b285f-3c73-4c58-86b6-fa508e1dfec6,adopt.protection,available,1999.99,2049.99,high,low,5,namesilo,,,28/09/2026 03:18
7524c047-83ba-47ef-97e8-9bfef565c84c,era.protection,available,1999.99,2049.99,high,medium,3,namesilo,,,29/09/2026 17:28
c44b9900-4693-4696-a900-708171ca06cb,nonsuch.protection,available,2070,2950,medium,low,7,namecheap,,,03/09/2026 20:15
110cb8d5-1017-4cbb-8a4c-26b4d2172432,irate.protection,available,1999.99,2049.99,medium,low,5,namesilo,,,22/08/2026 09:44
ba8f3993-279b-480f-8347-c7d41801abe6,zelda.protection,available,1999.99,2049.99,high,low,5,namesilo,,,30/09/2026 07:37
82a9195e-4f7d-43b7-9400-b97af7ef0035,propose.protection,available,1999.99,2049.99,high,low,7,namesilo,,,30/09/2026 08:54
ca94d722-d02c-4c94-b5fc-76e6a04636cb,declension.protection,available,1999.99,2049.99,medium,low,10,namesilo,,,13/09/2026 13:21
beaccc64-fed2-4c7d-8e66-f3a3c2442601,bellicose.protection,available,1999.99,2049.99,medium,low,9,namesilo,,,09/08/2026 01:44
054039ea-2124-453c-8131-b7886e9e2d44,waning.protection,available,1999.99,2049.99,medium,low,6,namesilo,,,13/09/2026 08:04
1b06e9c1-af40-496f-b205-3ceeb458bdd8,toasted.protection,available,1999.99,2049.99,high,low,7,namesilo,,,11/09/2026 16:35
8f1ec616-98f4-479e-9112-05b8d98b581d,colton.protection,available,2064.2,2064.2,medium,low,6,spaceship,,,29/09/2026 00:04
410dd2dc-d912-4fa4-974c-74b297334109,spared.protection,available,2064.2,2064.2,medium,low,6,spaceship,,,28/09/2026 17:48
d73122e6-774a-4d1d-aa5c-fb33daa4d409,hindi.protection,available,1999.99,2049.99,high,low,5,namesilo,,,21/08/2026 09:32
6d1566d6-de50-45bd-8805-c018c675e5a3,optic.protection,available,1999.99,2049.99,high,low,5,namesilo,,,25/09/2026 23:58
cbe33876-c06c-4a42-b7a9-0402a2668dcf,strut.protection,available,1999.99,2049.99,high,low,5,namesilo,,,11/09/2026 05:11
03784daa-b7c6-42c8-a32f-5a74fa343f8a,rating.protection,available,2064.2,2064.2,high,low,6,spaceship,,,28/09/2026 19:08
376946f8-c23d-44e7-a225-29e5f78f2185,during.protection,available,2000.2,2000.2,medium,low,6,cloudflare,,,01/10/2026 01:36
df272ce6-77fe-46f9-b626-ea328359f7a6,neptunium.protection,available,1999.99,2049.99,medium,low,9,namesilo,,,21/09/2026 00:09
f323397f-b988-47b0-a702-45892c1526cc,stoically.protection,available,1999.99,2049.99,medium,low,9,namesilo,,,16/09/2026 07:14
7c13bf6d-63af-435b-84b7-5a06657e7601,apophasis.protection,available,2070,2950,medium,low,9,namecheap,,,19/09/2026 19:01
de27a57d-8a60-4239-9fec-57aad2a0ef19,email.protection,available,2064.2,2064.2,high,medium,6,spaceship,,,29/09/2026 17:24
fc24fb87-bb17-427c-a511-0af8b75f7377,coquettish.protection,available,1999.99,2049.99,medium,low,10,namesilo,,,13/08/2026 00:44
24d4758b-2bcb-4cb8-b0cd-f72f6a7559e7,enough.protection,available,2070,2950,high,low,6,namecheap,,,24/09/2026 14:04
54fd7a4a-e409-41aa-aad6-8a72d33e0051,dietetic.protection,available,1999.99,2049.99,medium,low,8,namesilo,,,14/08/2026 06:56
9a12ca60-d62e-487d-872e-6c4b9ad8e41d,baldrick.protection,available,1999.99,2049.99,medium,low,8,namesilo,,,21/09/2026 21:46
56ef3e6e-367b-4bf5-beb3-000fe8209e2b,siblings.protection,available,1999.99,2049.99,medium,low,8,namesilo,,,29/09/2026 10:27
5e428650-a518-457e-b6dd-d1fceb0aeb9e,conforming.protection,available,2070,2950,high,low,10,namecheap,,,12/08/2026 21:11
f197d102-49cf-4b41-a41c-4b3bbf414af1,tauten.protection,available,1999.99,2049.99,high,low,6,namesilo,,,18/08/2026 05:16
bd9897fe-cceb-4a6a-be9f-a35bbaec8620,unsexy.protection,available,2070,2950,medium,low,6,namecheap,,,12/09/2026 19:23
32e3b35a-b5df-423b-bddc-a5bb6658702f,motivation.protection,available,2070,2950,high,low,10,namecheap,,,25/09/2026 21:49
da612856-4fff-448c-bf29-b28a140e3f83,explode.protection,available,2064.2,2064.2,high,low,7,spaceship,,,27/09/2026 16:32
0bc782d0-0f17-475d-ad7c-84e120196d86,callaghan.protection,available,2064.2,2064.2,medium,low,9,spaceship,,,29/09/2026 09:50
803e0043-8bf5-42d8-8266-8b2a1102161d,apr.protection,available,1999.99,2049.99,high,low,3,namesilo,,,19/09/2026 22:28
419176b2-244a-456b-9faa-7abdf411af93,midget.protection,available,1999.99,2049.99,high,low,6,namesilo,,,08/08/2026 14:19
1ee2bec2-455b-48ce-b7eb-a3a3979ff14a,mailbox.protection,available,2064.2,2064.2,high,high,7,spaceship,,,29/09/2026 19:35
c3a91ffb-2803-49cc-a452-669dcdea2bce,shoebird.protection,available,2070,2950,medium,low,8,namecheap,,,21/09/2026 20:37
c69bbf23-a0f4-490f-81c0-4c9e4ac7ce8b,barque.protection,available,2070,2950,high,low,6,namecheap,,,22/09/2026 07:48
33bf1932-abe4-4f42-aa2f-e42483c3f120,lyrically.protection,available,1999.99,2049.99,medium,low,9,namesilo,,,15/09/2026 13:16
c17548cb-eccf-4976-95c7-8456f7e6cccb,blackburn.protection,available,2070,2950,high,low,9,namecheap,,,24/09/2026 02:11
a82229a1-a503-413d-8cde-9b9e70e9d741,sbc.protection,available,1999.99,2049.99,high,low,3,namesilo,,,30/09/2026 12:42
5ed531fd-27ba-4ed0-8c5e-73206f69582d,haphazard.protection,available,1999.99,2049.99,medium,low,9,namesilo,,,20/08/2026 23:46
287df5ed-cec1-4fdd-be82-23ec204884e4,ecology.protection,available,1999.99,2049.99,high,low,7,namesilo,,,23/09/2026 18:42
5b031d31-bc6f-425f-80b7-790da0e8605e,bellhop.protection,available,1999.99,2049.99,high,low,7,namesilo,,,23/09/2026 06:01
33da18bd-fe5a-4b0a-84b3-d83158d901f0,delicately.protection,available,1999.99,2049.99,high,low,10,namesilo,,,14/09/2026 11:25
6f054954-2165-4b34-9cc3-1908135a5ff0,engraved.protection,available,1999.99,2049.99,high,low,8,namesilo,,,17/08/2026 07:40
1864ff37-4f6f-46de-abab-86a98e87318d,disappointing.protection,available,2064.2,2064.2,medium,low,13,spaceship,,,28/09/2026 07:09
c31fed7e-014d-4ad5-85ae-0e3d8d44e9fb,obscure.protection,available,1999.99,2049.99,high,low,7,namesilo,,,05/08/2026 21:59
8e4b3bb9-ccae-4032-b9a5-697b46192e09,devoutly.protection,available,1999.99,2049.99,medium,low,8,namesilo,,,14/09/2026 12:30
a5dc28b5-bccd-476d-95d7-b1c68419a825,itchy.protection,available,2070,2950,medium,low,5,namecheap,,,05/08/2026 20:43
142ee5d7-592c-4d4d-9484-89dd73933170,decoders.protection,available,1999.99,2049.99,medium,low,8,namesilo,,,20/09/2026 07:41
5daab5b2-fe07-43af-8600-f74a27197863,shack.protection,available,1999.99,2049.99,high,low,5,namesilo,,,24/09/2026 23:26
ad968e3e-f3b8-4400-8ec8-26f5ff4e524e,fathers.protection,available,1999.99,2049.99,medium,low,7,namesilo,,,27/09/2026 09:58
0b5adf0d-6182-4d72-9a6d-c789aba68dae,proximate.protection,available,1999.99,2049.99,high,low,9,namesilo,,,09/09/2026 04:46
4459a046-4155-47b4-a003-d5f538484da1,launches.protection,available,1999.99,2049.99,medium,low,8,namesilo,,,21/09/2026 09:09
ebdd4183-7a25-48ff-8af4-e6dd53485efc,practising.protection,available,1999.99,2049.99,high,low,10,namesilo,,,30/09/2026 04:09
a6099c36-20fd-4158-96fb-83cd745b9d50,gardener.protection,available,1999.99,2049.99,medium,low,8,namesilo,,,28/09/2026 09:51
a09a8e49-ff1a-4ab1-94ef-7642a0b41682,mediate.protection,available,1999.99,2049.99,high,low,7,namesilo,,,21/08/2026 23:37
43ef5461-3b32-4310-8413-ebe5390e2c1a,evaporate.protection,available,2060.25,2060.25,high,low,9,porkbun,,,30/09/2026 19:17
768a95b4-8735-489d-95c9-c1c4bc0699c9,baldwin.protection,available,1999.99,2049.99,high,low,7,namesilo,,,16/09/2026 12:19
3ca2412c-c5b4-4e6e-aa6e-b861ad65c047,digestible.protection,available,1999.99,2049.99,medium,low,10,namesilo,,,14/08/2026 07:14
15813af2-ad34-45b8-8689-6dbfe46a7460,leadership.protection,available,1999.99,2049.99,high,low,10,namesilo,,,30/09/2026 02:30
fcfc1d19-98cb-455d-80c7-5a6c2679fcac,stumble.protection,available,1999.99,2049.99,high,low,7,namesilo,,,30/09/2026 10:30
d5c9437b-ebeb-496b-a322-62504e4a1871,chains.protection,available,2000.2,2000.2,high,low,6,cloudflare,,,27/09/2026 12:26
ae561a82-b932-49ca-8166-a774098a4100,estragon.protection,available,1999.99,2049.99,medium,low,8,namesilo,,,20/09/2026 10:19
9df32875-f4f0-4a33-b749-6181699aa746,fung.protection,available,1999.99,2049.99,medium,low,4,namesilo,,,30/09/2026 12:28
9c24e4ce-876f-4820-91ce-2cb2af3a4b3b,classical.protection,available,1999.99,2049.99,high,low,9,namesilo,,,12/08/2026 09:42
4133b50b-adf6-432d-ac4b-be9862785871,spotting.protection,available,2000.2,2000.2,high,low,8,cloudflare,,,30/09/2026 17:13
82044f35-5728-42c8-a145-c32a6d98dcfc,aires.protection,available,1999.99,2049.99,medium,low,5,namesilo,,,25/09/2026 21:54
0364bc9a-cd2b-4e5e-a6f3-abe014c4c428,poop.protection,available,1999.99,2049.99,high,low,4,namesilo,,,24/08/2026 10:29
7a4aaf7e-d1ac-47f7-b21a-34bf6310081d,mind.protection,available,2070,2950,high,medium,4,namecheap,,,24/09/2026 19:19
c107110d-890d-42e3-8257-b0c75062f656,paying.protection,available,1999.99,2049.99,high,low,6,namesilo,,,24/09/2026 22:11
e911c1fb-e46c-469e-a6e9-0136fa990841,beseeching.protection,available,1999.99,2049.99,medium,low,10,namesilo,,,09/08/2026 15:20
89de3c79-e832-4e2c-920b-d3aa73345b79,untrained.protection,available,1999.99,2049.99,medium,low,9,namesilo,,,12/09/2026 21:40
d24ab5b7-41bc-489c-805b-d2e7ec5cd865,universally.protection,available,1999.99,2049.99,high,low,11,namesilo,,,
3144b277-481e-48a1-a1c5-aa9c57e1f6ee,retailing.protection,available,2000.2,2000.2,high,low,9,cloudflare,,,01/10/2026 03:16
965ae6f0-2cbe-46d0-9175-91265d68228d,nhl.protection,available,2060.25,2060.25,high,medium,3,porkbun,,,28/09/2026 11:10
b30f4c18-74da-455e-8630-960bcd872b4b,stronger.protection,available,2950,,high,low,8,namecheap,,,
91ed6d0d-9275-4278-a9f0-562b98fab17d,aquaplane.protection,available,2070,2950,medium,low,9,namecheap,,,19/09/2026 22:59
8344fdf8-9437-4672-9b3b-38a45c51f8ce,ozone.protection,available,2000.2,2000.2,high,low,5,cloudflare,,,29/09/2026 07:48
805ccb46-7851-4f95-b2b4-37f23a5046b8,liquid.protection,available,1999.99,2049.99,high,high,6,namesilo,,,18/08/2026 09:15
eff293cf-ed24-4f11-a3c0-d4cde8d4aea4,lusaka.protection,available,1999.99,2049.99,medium,low,6,namesilo,,,24/09/2026 12:35
62ccc3c5-a7a5-4de9-a871-42d9a1d2400e,forfeit.protection,available,2070,2950,high,low,7,namecheap,,,12/08/2026 21:00
6d96200c-d2a2-4617-8997-e57b995757dd,mich.protection,available,2064.2,2064.2,high,low,4,spaceship,,,29/09/2026 14:29
38f94872-cfa1-4264-8317-26ed42a5f670,immigrant.protection,available,2070,2950,high,low,9,namecheap,,,29/09/2026 13:05
d01038fd-69a6-411f-afcd-c58a0ba346b8,gramme.protection,available,2064.2,2064.2,high,low,6,spaceship,,,29/09/2026 20:16
3977d419-9050-4ccc-abc5-62f85c56bb36,limbless.protection,available,2070,2950,medium,low,8,namecheap,,,23/08/2026 12:35
7464506f-15d8-47e2-bb79-dbf9481fe98c,zane.protection,available,2140.22,2140.22,high,low,4,dynadot,,,29/09/2026 04:01
b5b80c48-a609-402c-ade2-71fb7eb3a555,oaten.protection,available,1999.99,2049.99,medium,low,5,namesilo,,,03/09/2026 23:28
1d9e748f-6467-47b5-93c4-a8d757f2ffb5,pyramidic.protection,available,1999.99,2049.99,medium,low,9,namesilo,,,09/09/2026 06:57